ID,Experiencia (años),Rendimiento personal,Soft skills,Carga de trabajo,Habilidades técnicas
1,6,0.94,9.67,0.54,"{'api': 4.8, 'Hugging Face': 0.6, 'monitoring': 9.42, 'MLflow': 5.99, 'Isolation Forest': 2.4, 'SQL': 5.82, 'redux': 5.02, 'selenium': 6.25, 'EfficientNet': 8.28, 'python': 5.92}"
2,4,7.91,9.08,6.99,"{'YOLO': 6.89, 'ruby': 1.63, 'mongodb': 9.02, 'OWASP': 1.86, 'BorutaPy': 7.7, 'testing library': 3.53, 'ember.js': 3.74, 'bash': 7.21, 'aria': 3.8, 'Praat': 6.11}"
3,17,2.09,9.85,7.89,"{'Matrix Factorization': 4.94, 'scikit-learn': 9.91, 'MLflow': 9.99, 'Linear Regression': 7.39, 'asciidoc': 4.27, 'MediaPipe': 3.23, 'DenseNet': 6.84, 'Rasa': 8.24, 'LDA': 0.08, 'Apache Flink': 4.36}"
4,7,4.43,9.34,6.94,"{'selenium': 2.73, 'PCA': 4.77, 'R': 3.07, 'LightGBM': 8.65, 'agile': 7.47, 'PyCaret': 3.79, 'trello': 0.19, 'heroku': 7.32, 'Kubeflow': 9.45, 'jira': 7.08}"
5,1,3.6,3.94,8.23,"{'puppet': 3.43, 'Logistic Regression': 0.2, 'webpack': 7.91, 'git': 4.14, 'vue': 2.87, 'asciidoc': 7.87, 'MediaPipe': 9.69, 'server configuration': 2.39, 'CRNN': 8.46, 'ALS': 1.87}"
6,7,9.9,7.95,9.7,"{'JUnit': 6.89, 'TensorFlow-GAN': 8.29, 'javascript': 2.83, 'JWT': 0.88, 'BorutaPy': 2.72, 'apache spark': 4.86, 'ALS': 9.5, 'DeepSpeech': 4.92, 'Pandas': 8.35, 'jenkins': 8.26}"
7,19,0.72,7.78,7.19,"{'Apache Spark': 0.59, 'YOLOv5': 9.99, 'RNN': 6.7, 'microsoft project': 7.55, 'UserTesting': 0.91, 'scikit-multilearn': 2.89, 'Slack': 5.41, 'MobileNet': 5.86, 'heroku': 3.49, 'vue': 7.87}"
8,12,5.36,5.54,9.01,"{'Doc2Vec': 9.58, 'vue': 6.72, 'materialize': 9.5, 'Adobe XD': 4.76, 'testing library': 4.94, 'Rasa': 8.03, 'ansible': 7.06, 'docker': 4.82, 'continuous integration': 2.07, 'microsoft project': 7.98}"
9,0,0.4,5.22,4.22,"{'Python': 1.43, 'ci/cd': 7.79, 'testing library': 2.36, 'user-friendly': 3.77, 'GPT-3': 7.74, 'user manuals': 2.53, 'cassandra': 9.22, 'Apache Flink': 2.52, 'git': 2.78, 'XGBoost': 4.15}"
10,16,3.27,8.4,9.54,"{'Tesseract': 3.17, 'MediaPipe': 5.0, 'markdown': 2.34, 'c': 2.88, 'JWT': 2.35, 'DenseNet': 6.9, 'jenkins': 7.8, 'Jenkins': 4.44, 'Adobe XD': 7.1, 'react': 7.08}"
11,1,8.83,6.19,0.53,"{'kotlin': 0.35, 'html': 4.4, 'mongodb': 8.94, 'react': 9.94, 'Labelbox': 8.52, 'DALL-E': 6.59, 'jquery': 9.34, 'mysql': 0.87, 'redis': 2.58, 'Hugging Face': 0.13}"
12,16,1.51,2.88,5.54,"{'RandomForest': 0.39, 'html': 6.35, 'Rasa': 7.76, 'tensorflow': 9.96, 'MySQL': 3.72, 'chai': 2.45, 'PostgreSQL': 9.23, 'monitoring': 2.26, 'MediaPipe': 8.68, 'database': 2.04}"
13,8,3.32,6.71,7.15,"{'chai': 6.99, 'Optuna': 6.91, 'Figma': 0.99, 'typescript': 4.44, 'Apache Spark': 1.39, 'selenium': 0.32, 'webpack': 5.32, 'DeepRecSys': 7.7, 'FeatureTools': 7.31, 'trello': 4.2}"
14,17,0.51,7.01,1.68,"{'YOLOv4': 4.31, 'Carla': 7.77, 'junit': 4.39, 'api documentation': 5.42, 'PyCaret': 0.8, 'Labelbox': 1.66, 'html': 5.38, 'mongodb': 1.39, 'terraform': 9.82, 'trello': 2.75}"
15,13,4.44,1.26,5.15,"{'user-friendly': 9.83, 'FastText': 7.96, 'Proximal Policy Optimization': 3.91, 'Zero-shot BERT': 2.3, 'webpack': 4.85, 'Wave-U-Net': 5.54, 'user manuals': 9.61, 'ADTK': 5.22, 'redis': 3.86, 'Cleverhans': 3.0}"
16,17,3.81,0.51,2.71,"{'docker': 0.61, 'BM25': 6.33, 'Optuna': 5.5, 'R': 9.03, 'OpenCV': 8.84, 'FastText': 0.61, 'aria': 5.4, 'collaboration tools': 8.45, 'YOLO': 7.51, 'Faster R-CNN': 5.43}"
17,16,2.28,7.04,7.52,"{'mocha': 1.53, 'Linear Regression': 5.64, 'gsap': 3.9, 'Labelbox': 4.14, 'markdown': 8.36, 'CNN': 3.96, 'microsoft project': 3.0, 'Carla': 7.41, 'XGBoost': 2.97, 'vue': 1.45}"
18,19,0.13,0.74,1.37,"{'scikit-learn': 7.4, 'readthedocs': 1.91, 'pytest': 4.14, 'CRNN': 7.41, 'DeOldify': 3.09, 'AWS': 1.51, 'Supervisely': 5.97, 'mongoDB': 0.87, 'IsolationForest': 6.19, 'Dialogflow': 7.76}"
19,19,3.4,4.36,0.98,"{'StyleGAN': 0.44, 'Carla': 1.05, 'Polyglot': 0.36, 'bootstrap': 6.58, 'aws': 5.71, 'api': 1.98, 'mongodb': 2.94, 'FeatureTools': 3.28, 'ember.js': 8.56, 'kanban': 8.89}"
20,15,2.08,5.7,0.69,"{'Augmentor': 5.43, 'trello': 2.41, 'H2O.ai': 3.97, 'Adobe XD': 7.54, 'Recurrent Neural Networks (RNN)': 3.4, 'nltk': 6.27, 'mongoDB': 4.52, 'FeatureTools': 4.09, 'postgresql': 4.21, 'load balancing': 0.33}"
21,14,9.75,6.33,8.0,"{'technical writing': 1.33, 'nltk': 3.86, 'Matrix Factorization': 0.19, 'tensorflow': 9.52, 'google cloud': 2.61, 'kanban': 6.56, 'bash': 8.9, 'jwt': 4.12, 'chai': 0.69, 'css': 3.98}"
22,7,0.55,6.75,5.35,"{'trello': 8.98, 'flask': 1.21, 'user-friendly': 7.36, 'docker': 3.84, 'python': 7.46, 'tensorflow': 7.23, 'postgresql': 8.8, 'NLTK': 4.72, 'typescript': 7.56, 'nltk': 8.99}"
23,12,5.52,8.24,5.24,"{'SV2TTS': 9.73, 'H2O.ai': 6.1, 'c': 6.21, 'JMeter': 2.32, 'TextBlob': 3.98, 'MLflow': 2.66, 'elasticsearch': 2.37, 'scikit-learn': 0.62, 'Stable Baselines': 3.01, 'PostgreSQL': 6.84}"
24,9,9.73,6.04,8.56,"{'Tesseract': 6.72, 'mocha': 7.99, 'technical writing': 4.26, 'prometheus': 1.71, 'agile': 3.93, 'puppet': 3.42, 'YOLO': 7.84, 'heroku': 2.47, 'MobileNet': 3.01, 'Tableau': 3.63}"
25,13,2.07,1.61,2.19,"{'google cloud': 1.53, 'load balancing': 8.61, 'Stable Baselines': 5.22, 'StyleGAN': 5.27, 'scala': 4.99, 'Supervisely': 4.62, 'scikit-learn': 0.87, 'Elasticsearch': 2.7, 'FER (Facial Expression Recognition)': 3.26, 'server configuration': 4.16}"
26,17,7.09,8.21,4.21,"{'PCA': 4.73, 'Carla': 4.2, 'Docker': 7.51, 'heroku': 4.08, 'AWS': 3.11, 'PyCaret': 3.18, 'sphinx': 9.73, 'Hugging Face': 1.98, 'ruby': 1.46, 'CRNN': 6.23}"
27,16,1.24,7.67,8.9,"{'Kubernetes': 2.76, 'react': 3.47, 'user-friendly': 9.36, 'MLflow': 0.41, 'BorutaPy': 3.16, 'mocha': 6.3, 'PCA': 0.04, 'materialize': 5.19, 'confluence': 7.67, 'angular': 1.7}"
28,17,0.86,5.54,9.35,"{'firebase': 1.0, 'java': 7.32, 'C++': 4.84, 'puppet': 0.6, 'Xception': 6.59, 'kanban': 2.2, 'AWS': 3.03, 'DeOldify': 3.55, 'elasticsearch': 4.91, 'technical writing': 5.32}"
29,12,3.49,9.5,3.05,"{'git': 6.59, 'NeuralStyle': 5.69, 'elasticsearch': 1.68, 'c': 1.18, 'YOLOv5': 5.05, 'TensorFlow-GAN': 6.38, 'scikit-learn': 8.76, 'DeOldify': 8.66, 'mocha': 0.48, 'GPT-3': 5.59}"
30,12,0.1,5.69,7.45,"{'Sketch': 0.47, 'git': 7.37, 'ALS': 3.92, 'Matrix Factorization': 6.04, 'pytorch': 0.35, 'MediaPipe': 8.31, 'Praat': 8.16, 'Cleverhans': 0.26, 'html': 9.42, 'rust': 4.91}"
31,0,9.17,9.87,3.52,"{'RandomForest': 3.34, 'Linear Regression': 9.57, 'GPT-2': 8.01, 'mysql': 9.08, 'Elasticsearch': 7.8, 'django': 1.2, 'ESRGAN': 5.51, 'sphinx': 0.03, 'redis': 8.81, 'Isolation Forest': 0.63}"
32,12,4.52,8.88,5.38,"{'GitLab': 5.0, 'JIRA': 3.03, 'kanban': 6.6, 'Logistic Regression': 5.53, 'junit': 4.76, 'sql': 5.8, 'LIWC': 6.69, 'PyCaret': 9.66, 'testing library': 3.15, 'ESRGAN': 0.27}"
33,4,2.56,5.26,9.53,"{'BorutaPy': 6.68, 'technical writing': 7.34, 'spaCy': 0.84, 'PyTorch': 2.55, 'sass': 5.24, 'Apache Spark': 6.86, 'UX': 0.52, 'Tacotron': 5.63, 'postgresql': 7.63, 'MediaPipe': 1.27}"
34,0,3.51,8.99,1.62,"{'SORT': 1.14, 'Augmentor': 5.6, 'BERT': 8.09, 'ember.js': 7.6, 'Elasticsearch': 8.39, 'Tacotron': 0.63, 'markdown': 2.78, 'trello': 3.76, 'django': 4.91, 'GPT-2': 8.5}"
35,18,3.7,8.95,6.94,"{'BERT': 9.07, 'apache spark': 6.27, 'RAKE': 2.33, 'cassandra': 4.11, 'sass': 7.58, 'DeepSpeech': 3.53, 'RiskMatrix': 7.1, 'Dialogflow': 1.43, 'LSTM': 0.11, 'OpenKE': 9.25}"
36,2,8.76,9.18,9.88,"{'aria': 2.17, 'TensorFlow Lite': 7.26, 'Trello': 4.78, 'chai': 0.93, 'UserTesting': 6.49, 'confluence': 1.7, 'angular': 2.76, 'JIRA': 0.39, 'asciidoc': 8.52, 'rust': 2.97}"
37,0,8.16,2.85,1.6,"{'react': 2.2, 'UX': 7.3, 'ember.js': 3.71, 'Elasticsearch': 0.61, 'apache spark': 1.9, 'flask': 4.35, 'RandomForest': 6.77, 'CatBoost': 9.41, 'Tesseract': 6.98, 'gsap': 0.19}"
38,17,0.21,4.36,3.97,"{'Jenkins': 0.74, 'server configuration': 7.88, 'CatBoost': 0.85, 'RAKE': 7.4, 'GPT-2 Fine-Tuning': 3.08, 'NetworkX': 7.29, 'vue': 7.96, 'mocha': 8.08, 'Elasticsearch': 4.98, 'RNN': 5.26}"
39,14,3.18,1.15,9.83,"{'JIRA': 6.59, 'TextBlob': 8.26, 'java': 5.52, 'trello': 5.02, 'Supervisely': 5.01, 'CRNN': 9.09, 'PyCaret': 4.26, 'Keras': 7.72, 'django': 3.55, 'apache spark': 7.9}"
40,18,9.81,3.05,2.97,"{'Faster R-CNN': 0.43, 'TextBlob': 0.59, 'Collaborative Filtering': 3.23, 'Docker': 7.54, 'LIWC': 9.76, 'DALL-E': 0.41, 'pytorch': 9.11, 'Linear Regression': 0.76, 'api documentation': 7.46, 'scikit-learn': 9.2}"
41,18,2.92,8.15,3.82,"{'bootstrap': 0.9, 'WCAG': 0.64, 'kotlin': 3.81, 'Sketch': 3.79, 'foundation': 1.86, 'CNN': 0.04, 'Tableau': 6.21, 'LIWC': 6.9, 'Collaborative Filtering': 3.23, 'aws': 7.45}"
42,6,7.2,2.34,2.89,"{'postgresql': 0.72, 'vue': 9.13, 'jquery': 0.58, 'sqlite': 8.3, 'c': 8.68, 'LightGBM': 2.74, 'ember.js': 8.83, 'testing library': 3.43, 'UX': 7.37, 'jest': 7.41}"
43,8,0.05,4.21,6.84,"{'MarianMT': 6.46, 'Logistic Regression': 6.14, 'Apache Flink': 7.15, 'scala': 1.62, 'NetworkX': 1.47, 'AWS': 3.78, 'JWT': 3.44, 'trello': 0.53, 'docker': 8.69, 'sass': 0.76}"
44,2,9.35,7.63,6.74,"{'mongoDB': 5.46, 'ARIMA': 4.17, 'Figma': 9.12, 'SpaCy': 5.45, 'Stable Baselines': 6.36, 'kotlin': 0.55, 'RiskMatrix': 0.74, 'aws': 3.07, 'Praat': 5.98, 'testing library': 4.18}"
45,11,4.55,4.92,0.66,"{'JIRA': 0.23, 'Facebook Prophet': 6.19, 'mongoDB': 2.72, 'Proximal Policy Optimization': 0.1, 'RNN': 8.91, 'CRNN': 5.18, 'prometheus': 3.77, 'PCA': 1.25, 'RiskMatrix': 4.88, 'Kubernetes': 10.0}"
46,4,7.16,2.02,8.0,"{'RiskMatrix': 8.49, 'Facebook Prophet': 2.87, 'server configuration': 7.39, 'markdown': 6.79, 'redis': 2.15, 'monitoring': 1.34, 'Show and Tell': 8.38, 'postgresql': 9.29, 'readthedocs': 0.75, 'vue': 8.27}"
47,5,3.22,2.03,1.17,"{'Librosa': 4.92, 'YOLOv4': 3.85, 'Slack': 7.68, 'SpaCy': 4.78, 'Supervisely': 7.99, 'GPT-2 Fine-Tuning': 0.45, 'kotlin': 1.95, 'PCA': 3.0, 'NeuralStyle': 3.1, 'spaCy': 4.48}"
48,2,5.05,0.41,1.69,"{'trello': 1.97, 'Jenkins': 5.73, 'Tesseract': 1.13, 'Tacotron': 6.67, 'css': 9.0, 'Apache Spark': 8.37, 'html': 1.2, 'microsoft project': 2.34, 'TensorFlow Lite': 5.2, 'AWS': 3.36}"
49,9,2.78,2.1,0.22,"{'redis': 2.1, 'Alibi Detect': 5.99, 'Selenium': 3.64, 'SpaCy': 8.61, 'go': 7.37, 'sphinx': 5.7, 'Sentence-BERT': 6.41, 'LightGBM': 2.66, 'Transformer': 1.64, 'NeuralStyle': 2.53}"
50,10,2.4,3.31,3.73,"{'node.js': 4.08, 'SV2TTS': 5.52, 'asp.net': 3.64, 'pytest': 5.3, 'Elasticsearch': 5.49, 'tensorflow': 0.95, 'NetworkX': 7.67, 'PostgreSQL': 9.5, 'GPT-2 Fine-Tuning': 0.71, 'Adobe XD': 9.96}"
51,14,6.29,0.76,5.76,"{'MobileNet': 7.81, 'BorutaPy': 7.36, 'asciidoc': 5.74, 'gsap': 9.04, 'Matrix Factorization': 4.85, 'Keras': 1.23, 'Dlib': 6.9, 'GPT-2 Fine-Tuning': 0.93, 'LDA': 2.04, 'BERT': 0.92}"
52,6,2.79,9.6,0.51,"{'redis': 8.15, 'bash': 1.77, 'XGBoost': 0.52, 'SORT': 6.56, 'Tacotron': 7.27, 'H2O.ai': 1.02, 'TensorFlow-GAN': 1.48, 'FER (Facial Expression Recognition)': 0.71, 'user-friendly': 3.95, 'Jenkins': 7.75}"
53,10,3.61,8.66,5.94,"{'NetworkX': 7.84, 'chai': 0.04, 'selenium': 0.43, 'database': 5.74, 'Isolation Forest': 9.93, 'TensorFlow': 3.74, 'H2O.ai': 5.52, 'react': 4.91, 'kotlin': 1.67, 'Linear Regression': 5.68}"
54,9,5.61,2.21,8.21,"{'confluence': 2.85, 'TensorFlow-GAN': 3.14, 'Carla': 3.24, 'chai': 9.25, 'azure': 3.22, 'K-Means': 4.61, 'Recurrent Neural Networks (RNN)': 2.82, 'scrum': 3.21, 'JMeter': 7.13, 'pytest': 9.15}"
55,3,0.39,1.23,0.79,"{'NeuralStyle': 7.9, 'K-Means': 3.34, 'agile': 9.2, 'Supervisely': 8.81, 'Trello': 4.11, 'tensorflow': 4.27, 'Cleverhans': 0.94, 'jwt': 5.31, 'Optuna': 2.08, 'ruby': 1.63}"
56,12,9.16,2.17,6.38,"{'tensorflow': 5.95, 'StyleGAN': 2.69, 'UX': 9.71, 'ADTK': 8.91, 'DeepRecSys': 1.53, 'Apache Flink': 2.55, 'markdown': 3.23, 'CRNN': 2.44, 'php': 6.32, 'MySQL': 3.51}"
57,17,3.86,1.02,2.22,"{'K-Means': 4.62, 'UX': 1.86, 'BorutaPy': 3.71, 'html': 3.13, 'GPT-2 Fine-Tuning': 6.52, 'mysql': 1.86, 'Tableau': 0.79, 'IsolationForest': 1.78, 'StyleGAN': 6.19, 'monitoring': 0.07}"
58,0,5.56,2.69,0.5,"{'Trello': 3.26, 'BioBERT': 3.88, 'MarianMT': 1.62, 'MediaPipe': 3.08, 'FER (Facial Expression Recognition)': 3.11, 'version control': 6.28, 'jquery': 4.48, 'apache spark': 3.23, 'JIRA': 2.5, 'XGBoost': 0.41}"
59,2,2.19,0.31,8.15,"{'jira': 8.85, 'continuous integration': 6.88, 'MobileNet': 5.28, 'YOLO': 6.2, 'ARIMA': 3.28, 'scikit-multilearn': 1.35, 'oracle': 1.52, 'redux': 6.05, 'pytest': 7.78, 'TensorFlow Lite': 0.45}"
60,4,4.97,1.07,6.95,"{'storage': 7.31, 'NetworkX': 1.78, 'Librosa': 1.23, 'Prophet': 1.11, 'Adobe XD': 4.58, 'OpenKE': 3.29, 'FeatureTools': 3.79, 'firebase': 6.51, 'JWT': 8.62, 'Augmentor': 2.69}"
61,4,6.89,3.95,7.01,"{'asp.net': 9.15, 'webpack': 4.3, 'SORT': 8.93, 'RandomForest': 4.05, 'Recurrent Neural Networks (RNN)': 3.43, 'YOLOv5': 4.13, 'Figma': 7.23, 'jenkins': 9.93, 'html': 8.84, 'Supervisely': 2.1}"
62,7,7.63,6.58,8.69,"{'apache spark': 1.93, 'IsolationForest': 2.2, 'BioBERT': 0.85, 'OpenKE': 1.58, 'trello': 3.39, 'sphinx': 0.39, 'OpenPose': 6.32, 'GPT-2': 0.19, 'Isolation Forest': 6.13, 'webpack': 7.86}"
63,7,3.13,7.15,1.38,"{'GPT-2': 6.12, 'flask': 9.09, 'microsoft project': 2.07, 'Supervisely': 4.34, 'mongoDB': 5.55, 'MediaPipe': 6.59, 'Linear Regression': 1.17, 'MarianMT': 0.55, 'ADTK': 7.54, 'continuous integration': 3.92}"
64,18,1.01,0.81,9.04,"{'BERT': 5.19, 'UserTesting': 4.1, 'DQN': 3.66, 'Slack': 3.47, 'react': 9.16, 'XGBoost': 7.8, 'mocha': 7.91, 'YOLO': 3.12, 'jira': 7.06, 'Jenkins': 3.34}"
65,10,1.29,7.51,6.79,"{'foundation': 9.94, 'DQN': 1.11, 'jenkins': 5.73, 'Proximal Policy Optimization': 8.61, 'Librosa': 6.45, 'angular': 1.58, 'microsoft project': 3.84, 'Dialogflow': 0.12, 'cassandra': 4.08, 'terraform': 3.72}"
66,7,1.28,7.22,5.61,"{'Apache Spark': 4.92, 'mongoDB': 3.84, 'laravel': 1.04, 'GitLab': 1.24, 'Labelbox': 5.72, 'Faster R-CNN': 4.93, 'version control': 4.45, 'Show and Tell': 4.4, 'aws': 8.9, 'jest': 9.88}"
67,7,4.52,0.31,6.15,"{'MySQL': 1.97, 'JIRA': 2.08, 'elasticsearch': 3.19, 'Tesseract': 4.97, 'mocha': 1.24, 'EfficientNet': 2.96, 'R': 4.51, 'MarianMT': 4.64, 'foundation': 1.91, 'DeepSpeech': 4.96}"
68,0,0.71,9.95,6.88,"{'ALS': 2.3, 'Tesseract': 7.2, 'MobileNet': 0.16, 'load balancing': 8.37, 'Adobe XD': 5.26, 'Polyglot': 2.38, 'Python': 7.87, 'DQN': 5.66, 'javascript': 5.67, 'Prometheus': 5.83}"
69,1,0.96,0.52,6.32,"{'mongodb': 1.41, 'puppet': 1.19, 'spring boot': 9.0, 'LightGBM': 1.0, 'Kubeflow': 1.59, 'java': 1.62, 'TensorFlow': 7.25, 'kubernetes': 7.76, 'DeepRecSys': 5.37, 'scrum': 9.03}"
70,5,8.23,7.35,5.98,"{'aria': 1.32, 'trello': 6.84, 'BM25': 3.73, 'Zero-shot BERT': 0.23, 'technical writing': 6.1, 'Tesseract': 6.81, 'Selenium': 8.96, 'django': 7.43, 'Prophet': 2.21, 'RNN': 3.64}"
71,3,9.83,2.82,1.52,"{'continuous integration': 4.76, 'kanban': 9.01, 'Wave-U-Net': 4.27, 'angular': 5.39, 'DeOldify': 3.0, 'NLTK': 2.72, 'PCA': 0.75, 'Logistic Regression': 0.11, 'react': 0.05, 'FER (Facial Expression Recognition)': 5.78}"
72,1,7.18,8.33,5.2,"{'Apache Flink': 6.51, 'TensorFlow-GAN': 5.38, 'OpenKE': 0.32, 'Kubeflow': 6.68, 'CNN': 7.35, 'Kubernetes': 8.75, 'AWS': 8.93, 'Alibi Detect': 3.52, 'foundation': 7.29, 'junit': 2.3}"
73,5,4.71,0.44,4.89,"{'sql': 5.11, 'rust': 4.95, 'Facebook Prophet': 4.4, 'Carla': 1.7, 'elasticsearch': 0.34, 'Prophet': 0.02, 'ESRGAN': 8.86, 'Elasticsearch': 6.52, 'pytest': 1.63, 'junit': 4.54}"
74,0,8.06,9.72,2.86,"{'cassandra': 1.19, 'aria': 5.39, 'Hugging Face': 3.6, 'ruby': 2.47, 'asp.net': 9.8, 'node.js': 7.77, 'JUnit': 7.98, 'Kubeflow': 0.62, 'Collaborative Filtering': 9.9, 'Matrix Factorization': 3.45}"
75,18,3.01,9.82,8.0,"{'ansible': 9.08, 'Apache Spark': 1.17, 'OpenPose': 8.53, 'ADTK': 1.22, 'aria': 6.72, 'GPT-3': 7.91, 'mocha': 9.73, 'SORT': 0.78, 'sql': 3.18, 'readthedocs': 4.01}"
76,3,0.81,1.61,3.34,"{'tensorflow': 6.75, 'AWS': 9.65, 'Isolation Forest': 2.96, 'Pandas': 2.69, 'google cloud': 6.63, 'scrum': 9.29, 'U-Net': 1.66, 'LightGBM': 1.69, 'Show and Tell': 5.86, 'GPT-2': 8.18}"
77,6,8.15,9.99,7.59,"{'Stable Baselines': 0.7, 'storage': 5.28, 'scrum': 7.16, 'Trello': 7.43, 'sass': 6.74, 'mongodb': 1.04, 'Tacotron': 4.68, 'PyCaret': 2.25, 'materialize': 7.52, 'GPT-3': 0.33}"
78,17,3.16,6.91,4.0,"{'RNN': 0.08, 'version control': 5.18, 'Pandas': 3.69, 'BorutaPy': 7.39, 'Rasa': 9.0, 'php': 4.62, 'FeatureTools': 1.15, 'collaboration tools': 9.72, 'Matrix Factorization': 5.95, 'markdown': 9.02}"
79,10,1.28,7.15,3.68,"{'collaboration tools': 8.34, 'Augmentor': 2.46, 'Ansible': 5.25, 'jwt': 2.21, 'PostgreSQL': 2.34, 'firebase': 3.77, 'MarianMT': 6.38, 'YOLOv4': 3.46, 'nltk': 4.23, 'JUnit': 4.23}"
80,12,7.97,1.29,7.11,"{'Proximal Policy Optimization': 2.46, 'heroku': 4.64, 'jira': 0.93, 'scrum': 7.26, 'spaCy': 4.19, 'SQL': 9.68, 'ruby': 8.05, 'readthedocs': 3.85, 'PCA': 1.18, 'mysql': 3.76}"
81,6,8.5,6.14,2.29,"{'Apache Flink': 6.07, 'NLTK': 0.04, 'sass': 3.15, 'Praat': 3.91, 'PyTorch': 5.2, 'kubernetes': 4.28, 'LIWC': 6.79, 'JWT': 8.99, 'oracle': 3.54, 'redis': 8.78}"
82,6,2.94,6.46,0.91,"{'readthedocs': 5.87, 'spaCy': 2.21, 'apache spark': 9.74, 'api': 7.53, 'technical writing': 5.85, 'junit': 1.26, 'Jenkins': 2.24, 'kanban': 7.07, 'LDA': 9.9, 'CNN': 7.25}"
83,2,6.51,8.15,4.05,"{'nltk': 0.54, 'SQL': 8.45, 'api': 7.22, 'DALL-E': 3.59, 'GPT-2': 4.6, 'JWT': 3.43, 'Optuna': 2.56, 'elasticsearch': 2.83, 'Python': 0.34, 'sphinx': 7.56}"
84,19,0.01,2.04,8.23,"{'BorutaPy': 6.47, 'Sentence-BERT': 5.13, 'html': 0.42, 'GPT-3': 6.75, 'Zero-shot BERT': 5.59, 'GitLab': 2.27, 'OpenKE': 4.12, 'asciidoc': 8.88, 'asp.net': 2.32, 'TextBlob': 2.55}"
85,14,8.22,8.91,8.05,"{'angular': 1.85, 'aws': 8.04, 'microsoft project': 6.53, 'K-Means': 2.23, 'Tacotron': 4.47, 'Jenkins': 9.39, 'ci/cd': 7.82, 'Proximal Policy Optimization': 8.98, 'EfficientNet': 6.52, 'prometheus': 5.56}"
86,6,1.32,9.29,2.94,"{'Linear Regression': 7.39, 'DQN': 5.46, 'Stable Baselines': 9.58, 'UX': 7.76, 'api documentation': 8.03, 'materialize': 1.96, 'react': 6.03, 'storage': 8.56, 'monitoring': 2.03, 'spaCy': 8.69}"
87,8,3.64,7.48,1.79,"{'MLflow': 2.61, 'php': 9.88, 'Show and Tell': 7.79, 'foundation': 4.22, 'css': 3.63, 'jenkins': 5.41, 'Augmentor': 5.85, 'oracle': 7.61, 'FeatureTools': 2.09, 'jest': 2.71}"
88,14,1.01,0.11,6.97,"{'R': 3.61, 'UX': 9.19, 'PostgreSQL': 9.58, 'Rasa': 6.19, 'JIRA': 7.61, 'RandomForest': 0.66, 'AWS': 2.35, 'cypress': 3.76, 'Xception': 3.35, 'CatBoost': 7.09}"
89,13,3.85,9.5,3.51,"{'user manuals': 9.07, 'BM25': 3.79, 'html': 6.1, 'IsolationForest': 0.4, 'NetworkX': 6.4, 'mysql': 9.75, 'ESRGAN': 3.94, 'api documentation': 1.44, 'LightGBM': 1.15, 'RiskMatrix': 5.45}"
90,1,5.75,9.07,4.01,"{'scikit-multilearn': 2.89, 'DenseNet': 6.09, 'Prometheus': 9.63, 'ADTK': 5.07, 'storage': 4.79, 'LSTM': 6.23, 'user manuals': 1.28, 'Alibi Detect': 3.03, 'SV2TTS': 5.27, 'jira': 9.76}"
91,13,8.63,8.59,5.86,"{'jenkins': 0.48, 'terraform': 8.88, 'junit': 4.46, 'CatBoost': 3.01, 'readthedocs': 6.09, 'jest': 9.53, 'Jenkins': 6.22, 'sphinx': 7.74, 'Linear Regression': 8.29, 'monitoring': 3.97}"
92,4,6.12,7.41,9.27,"{'UserTesting': 4.67, 'FaceNet': 9.73, 'GPT-3': 2.22, 'Isolation Forest': 4.06, 'laravel': 7.04, 'scrum': 4.75, 'django': 5.19, 'Labelbox': 3.82, 'Praat': 9.6, 'GitLab': 7.9}"
93,16,7.36,8.26,9.7,"{'postgresql': 5.22, 'IsolationForest': 5.32, 'flask': 0.36, 'spaCy': 7.13, 'DeOldify': 5.65, 'ruby': 5.7, 'UI': 6.5, 'C++': 1.33, 'LDA': 7.39, 'Doc2Vec': 4.49}"
94,0,2.68,2.65,8.2,"{'DeepRecSys': 7.4, 'BorutaPy': 1.55, 'GitLab': 8.31, 'jquery': 8.31, 'sass': 2.1, 'pytest': 1.93, 'aws': 7.61, 'kubernetes': 3.47, 'MobileNet': 3.34, 'PyCaret': 5.13}"
95,5,1.01,9.46,5.2,"{'GitLab': 4.01, 'Polyglot': 7.58, 'Dlib': 8.42, 'H2O.ai': 3.87, 'user manuals': 9.45, 'RandomForest': 1.08, 'git': 9.03, 'kubernetes': 0.3, 'mysql': 8.3, 'Jenkins': 5.86}"
96,17,3.92,3.97,2.99,"{'TextBlob': 1.18, 'google cloud': 2.37, 'CNN': 5.68, 'WCAG': 3.08, 'Prometheus': 7.35, 'jenkins': 8.78, 'redis': 4.8, 'UserTesting': 7.18, 'LIWC': 4.23, 'spring boot': 7.76}"
97,18,3.41,0.76,7.06,"{'tensorflow': 7.31, 'TensorFlow-GAN': 2.91, 'mocha': 1.25, 'agile': 6.32, 'Stable Baselines': 8.43, 'GPT-2': 8.92, 'BioBERT': 9.42, 'Keras': 4.72, 'CRNN': 2.09, 'Wave-U-Net': 1.24}"
98,6,2.34,9.26,2.16,"{'Kubernetes': 0.73, 'server configuration': 3.69, 'Cleverhans': 6.0, 'elasticsearch': 9.47, 'Facebook Prophet': 5.87, 'TensorFlow-GAN': 0.88, 'UI': 6.27, 'load balancing': 7.04, 'FaceNet': 5.93, 'ARIMA': 7.66}"
99,17,6.11,2.91,8.83,"{'Apache Spark': 9.35, 'ADTK': 9.31, 'SpaCy': 0.02, 'OWASP': 8.21, 'IsolationForest': 9.96, 'ruby': 2.13, 'Augmentor': 2.41, 'MobileNet': 9.17, 'selenium': 5.87, 'MS Project': 9.94}"
100,15,1.96,5.27,5.97,"{'javascript': 3.3, 'jest': 9.6, 'materialize': 8.32, 'spring boot': 1.7, 'java': 0.22, 'trello': 4.57, 'jenkins': 8.64, 'jira': 2.24, 'server configuration': 3.04, 'asp.net': 4.51}"
101,2,9.45,1.42,0.88,"{'ARIMA': 2.15, 'XGBoost': 6.3, 'typescript': 9.27, 'RiskMatrix': 3.61, 'firebase': 6.16, 'DALL-E': 6.47, 'user-friendly': 3.93, 'UserTesting': 5.88, 'DeOldify': 7.43, 'laravel': 7.14}"
102,10,6.17,2.01,6.43,"{'sql': 4.14, 'SORT': 6.17, 'Trello': 5.98, 'Selenium': 8.59, 'Zero-shot BERT': 0.11, 'FeatureTools': 0.2, 'Facebook Prophet': 0.17, 'MS Project': 2.68, 'Wave-U-Net': 3.32, 'git': 0.25}"
103,13,2.31,1.81,1.78,"{'Python': 4.31, 'confluence': 4.99, 'monitoring': 2.01, 'Docker': 3.04, 'CNN': 6.37, 'postgresql': 3.28, 'GPT-3': 4.67, 'TensorFlow': 4.79, 'markdown': 5.7, 'SORT': 3.17}"
104,5,5.58,1.44,4.67,"{'NeuralStyle': 9.89, 'puppet': 4.72, 'GPT-2 Fine-Tuning': 0.29, 'Trello': 3.46, 'JIRA': 8.6, 'pytorch': 8.32, 'WCAG': 1.04, 'git': 0.15, 'Kubernetes': 8.17, 'heroku': 8.64}"
105,19,2.11,4.23,8.02,"{'database': 5.14, 'DeOldify': 1.95, 'CNN': 5.33, 'JUnit': 3.37, 'Librosa': 4.2, 'jest': 2.9, 'AWS': 4.35, 'ansible': 5.37, 'Ansible': 6.94, 'Rasa': 0.08}"
106,10,5.83,2.82,0.1,"{'Labelbox': 0.74, 'Keras': 2.02, 'Rasa': 2.4, 'Selenium': 8.4, 'Isolation Forest': 8.3, 'SQL': 3.11, 'docker': 5.7, 'BioBERT': 9.9, 'storage': 6.54, 'java': 9.54}"
107,14,2.3,7.77,0.52,"{'Stable Baselines': 0.1, 'typescript': 7.73, 'node.js': 3.02, 'C++': 6.05, 'api documentation': 7.63, 'spring boot': 1.82, 'Optuna': 4.21, 'MLflow': 8.66, 'MobileNet': 6.18, 'SpaCy': 2.06}"
108,7,6.15,2.37,4.26,"{'apache spark': 8.31, 'asciidoc': 2.57, 'jquery': 3.09, 'VADER': 2.74, 'UserTesting': 9.7, 'sqlite': 4.68, 'GPT-3': 0.56, 'Doc2Vec': 2.09, 'mongodb': 9.89, 'Supervisely': 8.47}"
109,13,8.45,4.92,8.78,"{'SQL': 2.37, 'ansible': 8.54, 'BioBERT': 2.78, 'Docker': 0.75, 'bash': 8.77, 'RAKE': 5.98, 'MobileNet': 4.54, 'Alibi Detect': 6.24, 'nltk': 8.73, 'trello': 7.94}"
110,16,6.21,9.94,0.25,"{'spring boot': 5.22, 'materialize': 5.81, 'continuous deployment': 4.91, 'YOLOv4': 4.23, 'Prophet': 4.5, 'OpenKE': 7.61, 'sqlite': 1.75, 'Logistic Regression': 2.18, 'Tableau': 4.14, 'NeuralStyle': 7.44}"
111,6,9.59,2.39,5.97,"{'Hugging Face': 4.58, 'server configuration': 5.21, 'Dlib': 8.96, 'UI': 0.46, 'XGBoost': 8.45, 'mongoDB': 0.62, 'Jenkins': 1.66, 'TensorFlow Lite': 0.9, 'bash': 5.59, 'sass': 8.71}"
112,4,1.78,3.83,8.13,"{'load balancing': 8.56, 'MLflow': 6.24, 'react': 3.31, 'RiskMatrix': 2.81, 'tensorflow': 6.12, 'Selenium': 3.6, 'TensorFlow-GAN': 0.86, 'Linear Regression': 3.06, 'PostgreSQL': 2.54, 'ESRGAN': 7.26}"
113,10,6.83,3.66,1.37,"{'YOLO': 9.42, 'AWS': 6.4, 'U-Net': 7.6, 'Isolation Forest': 4.85, 'Proximal Policy Optimization': 6.77, 'confluence': 2.3, 'GPT-2 Fine-Tuning': 9.06, 'sqlite': 7.86, 'aws': 9.74, 'ALS': 2.06}"
114,5,2.56,9.24,9.77,"{'ansible': 2.28, 'css': 0.65, 'SQL': 3.21, 'FER (Facial Expression Recognition)': 0.63, 'react': 8.4, 'WCAG': 3.18, 'TensorFlow': 3.36, 'Stable Baselines': 3.52, 'mocha': 7.14, 'YOLOv5': 1.38}"
115,7,7.94,2.25,3.73,"{'Tableau': 5.21, 'DenseNet': 1.21, 'NLTK': 2.04, 'postgresql': 5.87, 'Polyglot': 3.46, 'GPT-2 Fine-Tuning': 2.0, 'DeOldify': 6.62, 'K-Means': 9.85, 'MS Project': 6.48, 'JIRA': 5.13}"
116,7,5.84,5.99,6.59,"{'Xception': 9.22, 'Wave-U-Net': 1.22, 'jest': 9.04, 'Cleverhans': 7.92, 'api documentation': 4.4, 'Python': 6.33, 'microsoft project': 1.99, 'TensorFlow': 9.59, 'MobileNet': 1.03, 'FastText': 3.4}"
117,3,8.24,3.87,7.36,"{'ansible': 0.43, 'apache spark': 0.58, 'python': 8.35, 'FastText': 4.45, 'redux': 5.23, 'LightGBM': 8.6, 'YOLOv4': 6.41, 'DQN': 4.51, 'php': 6.81, 'chai': 0.15}"
118,20,9.97,3.97,2.02,"{'Python': 5.53, 'Pandas': 8.29, 'cypress': 9.34, 'Isolation Forest': 2.62, 'Sketch': 1.87, 'Collaborative Filtering': 0.27, 'flask': 3.59, 'data': 5.23, 'testing library': 4.64, 'WCAG': 3.78}"
119,10,1.29,4.14,0.38,"{'testing library': 4.76, 'Ansible': 6.84, 'cypress': 5.25, 'Cleverhans': 9.58, 'ALS': 7.57, 'GPT-2': 9.94, 'FeatureTools': 5.5, 'PCA': 9.04, 'OpenCV': 0.23, 'IsolationForest': 0.59}"
120,1,6.65,8.44,7.31,"{'WCAG': 7.25, 'Rasa': 6.41, 'PyTorch': 8.79, 'redis': 9.75, 'javascript': 6.38, 'SORT': 2.58, 'Tesseract': 3.39, 'trello': 6.79, 'YOLOv4': 8.43, 'ESRGAN': 3.56}"
121,12,5.6,1.98,1.67,"{'Adobe XD': 4.89, 'Prometheus': 7.57, 'ansible': 2.03, 'html': 1.01, 'WCAG': 2.27, 'heroku': 2.61, 'Cleverhans': 8.59, 'Kubeflow': 1.1, 'scala': 1.86, 'PCA': 7.34}"
122,16,5.4,8.05,4.13,"{'Cleverhans': 2.21, 'Prometheus': 8.25, 'CRNN': 1.73, 'ADTK': 5.16, 'Linear Regression': 9.1, 'readthedocs': 6.14, 'H2O.ai': 2.23, 'Slack': 0.78, 'RiskMatrix': 0.13, 'react': 4.07}"
123,19,6.73,6.63,9.15,"{'Labelbox': 9.49, 'asciidoc': 0.67, 'UI': 3.84, 'html': 0.27, 'JMeter': 4.64, 'Elasticsearch': 7.13, 'GitLab': 3.42, 'Recurrent Neural Networks (RNN)': 1.37, 'kanban': 9.76, 'nltk': 5.23}"
124,1,3.53,8.71,0.88,"{'postgresql': 6.74, 'apache spark': 2.72, 'collaboration tools': 1.45, 'Kubernetes': 2.72, 'SpaCy': 1.68, 'markdown': 9.58, 'TensorFlow-GAN': 5.88, 'Docker': 2.67, 'SV2TTS': 3.57, 'pytorch': 3.57}"
125,0,0.79,6.33,8.5,"{'cypress': 9.41, 'jest': 9.69, 'MobileNet': 3.98, 'azure': 2.62, 'readthedocs': 4.99, 'RiskMatrix': 4.29, 'monitoring': 0.51, 'asp.net': 9.83, 'ansible': 0.94, 'sass': 8.38}"
126,8,4.42,9.16,8.87,"{'Sketch': 7.02, 'firebase': 2.94, 'readthedocs': 5.7, 'JWT': 3.63, 'asciidoc': 6.03, 'bootstrap': 3.8, 'WCAG': 9.71, 'Transformer': 9.58, 'confluence': 3.34, 'LSTM': 7.14}"
127,14,1.88,9.69,5.56,"{'storage': 2.72, 'docker': 8.24, 'mongoDB': 2.37, 'scrum': 7.12, 'ci/cd': 6.19, 'react': 7.27, 'RAKE': 8.71, 'sql': 5.04, 'bootstrap': 2.16, 'webpack': 5.22}"
128,19,7.43,3.44,7.19,"{'Doc2Vec': 5.8, 'continuous integration': 3.84, 'database': 4.22, 'typescript': 0.04, 'ALS': 5.78, 'nltk': 6.54, 'scala': 9.31, 'kanban': 1.03, 'CNN': 4.57, 'Hugging Face': 6.46}"
129,16,2.12,6.04,1.75,"{'Ansible': 0.28, 'K-Means': 6.67, 'OpenPose': 9.63, 'RandomForest': 8.23, 'terraform': 0.95, 'Show and Tell': 9.35, 'FER (Facial Expression Recognition)': 5.06, 'VADER': 4.81, 'spring boot': 5.03, 'Dialogflow': 2.06}"
130,2,7.64,8.29,1.81,"{'monitoring': 4.01, 'Apache Spark': 1.95, 'StyleGAN': 4.83, 'kubernetes': 9.75, 'Keras': 7.78, 'technical writing': 8.06, 'Figma': 1.5, 'ADTK': 3.02, 'gsap': 3.55, 'DenseNet': 7.39}"
131,7,8.0,2.37,2.17,"{'Elasticsearch': 5.9, 'ALS': 4.31, 'SORT': 3.64, 'R': 3.57, 'DenseNet': 9.66, 'vue': 1.79, 'elasticsearch': 4.0, 'JWT': 7.73, 'version control': 9.89, 'Prophet': 4.0}"
132,1,6.56,3.58,3.21,"{'YOLOv4': 2.88, 'ADTK': 2.68, 'MobileNet': 7.83, 'css': 4.3, 'sphinx': 6.44, 'c': 6.06, 'SORT': 5.83, 'RiskMatrix': 7.38, 'user manuals': 5.92, 'Ansible': 4.15}"
133,18,6.01,5.28,3.12,"{'BorutaPy': 5.21, 'continuous deployment': 8.98, 'XGBoost': 4.82, 'Stable Baselines': 9.96, 'RAKE': 6.61, 'asciidoc': 7.54, 'Sketch': 0.92, 'confluence': 8.49, 'MLflow': 9.51, 'materialize': 0.77}"
134,2,6.08,4.08,1.35,"{'prometheus': 2.89, 'server configuration': 8.41, 'javascript': 8.07, 'chai': 9.6, 'jenkins': 9.74, 'Supervisely': 4.39, 'vue': 8.97, 'puppet': 6.59, 'RAKE': 8.84, 'scala': 9.38}"
135,13,1.75,4.16,6.05,"{'Apache Spark': 8.77, 'html': 6.91, 'ESRGAN': 9.62, 'XGBoost': 2.29, 'Rasa': 8.24, 'GPT-3': 4.65, 'Cleverhans': 4.46, 'continuous integration': 7.52, 'Proximal Policy Optimization': 2.07, 'microsoft project': 5.36}"
136,4,7.27,1.15,3.3,"{'Sketch': 7.93, 'NLTK': 3.82, 'docker': 5.19, 'tensorflow': 3.67, 'EfficientNet': 8.24, 'pytorch': 6.06, 'TextBlob': 9.88, 'database': 5.17, 'cypress': 1.53, 'nltk': 0.7}"
137,3,6.84,2.67,6.44,"{'ADTK': 2.3, 'SV2TTS': 2.71, 'chai': 2.95, 'TensorFlow': 0.86, 'tensorflow': 1.09, 'MLflow': 0.76, 'react': 2.67, 'jira': 2.64, 'OpenCV': 0.71, 'agile': 7.06}"
138,12,3.78,1.57,5.56,"{'trello': 9.86, 'BioBERT': 5.26, 'elasticsearch': 1.33, 'technical writing': 7.55, 'Recurrent Neural Networks (RNN)': 5.97, 'BM25': 6.66, 'pytorch': 9.35, 'monitoring': 6.09, 'NeuralStyle': 5.93, 'YOLO': 3.72}"
139,19,9.9,2.32,6.74,"{'SpaCy': 6.18, 'Prometheus': 8.16, 'YOLOv4': 3.68, 'JWT': 8.62, 'MS Project': 5.18, 'VADER': 0.01, 'Keras': 7.34, 'Tesseract': 9.6, 'webpack': 0.61, 'nltk': 6.98}"
140,6,1.9,0.39,0.42,"{'ci/cd': 4.51, 'RiskMatrix': 2.94, 'docker': 8.72, 'testing library': 1.1, 'selenium': 3.25, 'version control': 4.41, 'Slack': 1.32, 'Apache Spark': 5.69, 'pytorch': 0.28, 'OpenCV': 8.02}"
141,1,4.41,0.92,8.73,"{'TensorFlow Lite': 8.34, 'oracle': 4.99, 'RiskMatrix': 6.33, 'jquery': 1.34, 'IsolationForest': 8.98, 'BERT': 1.45, 'OWASP': 7.83, 'Dlib': 5.45, 'EfficientNet': 9.56, 'YOLOv4': 3.19}"
142,15,0.61,6.25,7.33,"{'css': 7.6, 'JUnit': 1.09, 'go': 4.69, 'OpenCV': 3.73, 'Doc2Vec': 4.8, 'UI': 0.12, 'Alibi Detect': 5.91, 'GPT-2 Fine-Tuning': 7.31, 'flask': 1.4, 'LDA': 8.97}"
143,17,4.29,1.73,9.43,"{'LSTM': 4.34, 'Dialogflow': 5.37, 'Jenkins': 7.4, 'sqlite': 1.87, 'ruby': 1.12, 'TensorFlow Lite': 6.45, 'Supervisely': 1.31, 'StyleGAN': 4.37, 'DeOldify': 8.18, 'materialize': 9.53}"
144,6,8.6,8.64,7.72,"{'Slack': 5.16, 'Jenkins': 2.91, 'FeatureTools': 2.31, 'Ansible': 4.83, 'ADTK': 5.32, 'Hugging Face': 7.86, 'php': 5.67, 'flask': 2.42, 'scrum': 0.99, 'Tacotron': 3.68}"
145,1,1.03,7.65,9.73,"{'sqlite': 2.43, 'DeOldify': 3.47, 'kubernetes': 3.2, 'jira': 9.34, 'css': 0.87, 'Kubernetes': 7.83, 'readthedocs': 4.64, 'H2O.ai': 6.38, 'continuous integration': 4.53, 'Wave-U-Net': 0.65}"
146,8,3.44,7.81,3.96,"{'firebase': 6.34, 'flask': 0.84, 'UI': 3.36, 'MediaPipe': 5.74, 'Logistic Regression': 6.68, 'Slack': 3.26, 'jwt': 2.05, 'data': 0.33, 'Apache Flink': 9.5, 'Augmentor': 4.79}"
147,20,4.74,6.74,0.5,"{'javascript': 9.55, 'DeOldify': 7.04, 'foundation': 8.24, 'Zero-shot BERT': 5.04, 'Prometheus': 1.62, 'kanban': 7.29, 'Sketch': 6.15, 'Prophet': 8.38, 'webpack': 7.35, 'Supervisely': 3.19}"
148,1,4.35,2.38,2.27,"{'RAKE': 7.08, 'JWT': 5.8, 'ARIMA': 8.88, 'CatBoost': 2.33, 'docker': 1.02, 'YOLOv4': 7.91, 'javascript': 7.49, 'Apache Spark': 5.88, 'MarianMT': 3.66, 'Kubernetes': 2.71}"
149,11,2.49,9.47,3.88,"{'Slack': 2.94, 'git': 8.03, 'CatBoost': 3.4, 'LightGBM': 6.71, 'YOLO': 2.55, 'U-Net': 9.29, 'Linear Regression': 1.6, 'DQN': 9.59, 'php': 3.37, 'JIRA': 2.14}"
150,5,0.64,3.48,5.77,"{'continuous deployment': 1.62, 'microsoft project': 2.04, 'EfficientNet': 8.4, 'LSTM': 2.18, 'vue': 8.3, 'foundation': 7.15, 'Wave-U-Net': 7.36, 'flask': 7.85, 'spaCy': 0.91, 'trello': 8.0}"
151,17,6.85,2.06,1.51,"{'javascript': 7.49, 'chai': 4.56, 'EfficientNet': 4.48, 'DeepRecSys': 1.71, 'OpenKE': 7.82, 'terraform': 5.59, 'Sentence-BERT': 9.01, 'user-friendly': 9.62, 'Rasa': 8.86, 'markdown': 6.66}"
152,2,7.55,3.26,5.7,"{'Dlib': 0.94, 'GPT-2': 8.57, 'TensorFlow-GAN': 1.27, 'Prophet': 3.41, 'tensorflow': 0.23, 'nltk': 4.14, 'jwt': 6.06, 'UserTesting': 4.35, 'FaceNet': 7.5, 'C++': 9.67}"
153,10,7.68,9.17,4.22,"{'FER (Facial Expression Recognition)': 4.63, 'SV2TTS': 9.51, 'mongodb': 2.29, 'apache spark': 4.64, 'elasticsearch': 2.12, 'PCA': 8.11, 'bootstrap': 6.46, 'U-Net': 4.26, 'RiskMatrix': 1.07, 'css': 2.8}"
154,15,4.01,4.43,9.48,"{'Stable Baselines': 7.23, 'Tesseract': 9.86, 'docker': 7.44, 'Transformer': 5.99, 'Apache Flink': 4.96, 'FaceNet': 8.98, 'RiskMatrix': 4.12, 'Wave-U-Net': 7.72, 'monitoring': 9.91, 'markdown': 1.7}"
155,11,5.3,5.02,5.64,"{'Prometheus': 1.33, 'JMeter': 0.29, 'heroku': 6.97, 'Pandas': 9.46, 'trello': 1.78, 'JIRA': 1.87, 'BioBERT': 0.05, 'Doc2Vec': 6.8, 'scikit-multilearn': 5.28, 'testing library': 2.32}"
156,18,8.68,3.8,6.97,"{'mysql': 4.96, 'JWT': 3.39, 'Dlib': 8.56, 'user-friendly': 7.03, 'confluence': 0.5, 'scrum': 7.06, 'css': 9.8, 'Slack': 8.82, 'Linear Regression': 8.09, 'GitLab': 8.14}"
157,19,4.37,6.88,8.34,"{'Stable Baselines': 7.07, 'python': 7.91, 'Collaborative Filtering': 9.53, 'UI': 2.72, 'confluence': 5.66, 'WCAG': 9.56, 'go': 4.35, 'CatBoost': 9.77, 'OpenPose': 2.93, 'DenseNet': 4.22}"
158,20,3.96,8.43,4.57,"{'vue': 9.84, 'server configuration': 2.33, 'Dlib': 5.47, 'EfficientNet': 8.49, 'Recurrent Neural Networks (RNN)': 9.69, 'ADTK': 5.55, 'sqlite': 9.17, 'Prophet': 7.37, 'kanban': 4.35, 'git': 7.17}"
159,19,0.53,6.93,9.91,"{'Tacotron': 7.87, 'PyTorch': 9.37, 'collaboration tools': 8.52, 'RiskMatrix': 5.28, 'scikit-multilearn': 9.89, 'server configuration': 1.76, 'PCA': 4.44, 'selenium': 4.62, 'SpaCy': 3.05, 'heroku': 6.04}"
160,1,0.26,0.51,2.61,"{'git': 1.85, 'elasticsearch': 1.62, 'Kubernetes': 4.17, 'aws': 5.95, 'GitLab': 9.52, 'DALL-E': 4.72, 'user-friendly': 2.06, 'redis': 1.82, 'apache spark': 9.97, 'puppet': 4.91}"
161,5,3.92,6.92,2.35,"{'heroku': 4.36, 'PyCaret': 5.23, 'Sketch': 3.61, 'MLflow': 8.17, 'jest': 9.36, 'user manuals': 8.48, 'CNN': 8.59, 'Zero-shot BERT': 8.4, 'kotlin': 5.05, 'testing library': 8.42}"
162,3,7.93,8.42,2.2,"{'JMeter': 1.98, 'selenium': 9.71, 'JUnit': 1.08, 'Tableau': 2.09, 'scrum': 4.52, 'jwt': 3.38, 'LightGBM': 3.82, 'C++': 8.35, 'Recurrent Neural Networks (RNN)': 0.87, 'FastText': 7.41}"
163,2,7.31,8.4,5.62,"{'SORT': 8.8, 'angular': 1.0, 'Trello': 8.69, 'Doc2Vec': 8.23, 'webpack': 7.23, 'Linear Regression': 2.32, 'bash': 7.57, 'Figma': 1.0, 'TextBlob': 0.17, 'FaceNet': 2.38}"
164,20,4.38,9.91,2.43,"{'go': 3.1, 'EfficientNet': 2.71, 'Show and Tell': 1.83, 'PyTorch': 0.21, 'Trello': 3.21, 'Wave-U-Net': 6.67, 'mongoDB': 3.93, 'Recurrent Neural Networks (RNN)': 7.84, 'ruby': 0.18, 'django': 4.84}"
165,17,2.68,2.93,9.07,"{'user-friendly': 5.15, 'MySQL': 7.91, 'Xception': 5.52, 'aria': 9.95, 'junit': 1.9, 'OpenCV': 7.91, 'Hugging Face': 4.26, 'TextBlob': 5.86, 'redis': 8.74, 'git': 4.62}"
166,18,5.06,2.1,2.31,"{'Show and Tell': 2.67, 'RNN': 5.94, 'storage': 3.15, 'node.js': 7.75, 'SORT': 3.65, 'AWS': 8.73, 'Matrix Factorization': 6.48, 'jenkins': 0.94, 'Carla': 2.99, 'Docker': 3.63}"
167,16,2.22,3.3,5.52,"{'scrum': 9.6, 'scala': 4.13, 'JIRA': 2.54, 'TextBlob': 5.95, 'jest': 0.75, 'Stable Baselines': 6.31, 'aws': 7.42, 'BERT': 7.88, 'kubernetes': 3.89, 'vue': 4.02}"
168,16,0.96,6.66,6.2,"{'azure': 6.51, 'DeepSpeech': 6.17, 'Jenkins': 5.73, 'NLTK': 0.73, 'TensorFlow': 4.37, 'NeuralStyle': 4.38, 'Matrix Factorization': 9.2, 'BioBERT': 5.33, 'Cleverhans': 4.68, 'Ansible': 1.76}"
169,7,6.61,1.46,2.88,"{'Apache Spark': 7.25, 'c': 7.1, 'NeuralStyle': 2.08, 'WCAG': 8.03, 'api documentation': 9.35, 'Zero-shot BERT': 1.51, 'ALS': 4.8, 'Librosa': 9.71, 'kotlin': 4.01, 'pytorch': 5.52}"
170,0,1.86,4.67,3.51,"{'EfficientNet': 3.52, 'BERT': 2.48, 'jenkins': 0.49, 'materialize': 3.88, 'bootstrap': 3.94, 'DeOldify': 5.03, 'sql': 5.69, 'jira': 8.85, 'RiskMatrix': 3.85, 'NetworkX': 6.18}"
171,18,8.36,9.27,3.07,"{'MediaPipe': 9.16, 'kubernetes': 4.91, 'StyleGAN': 5.13, 'NLTK': 6.37, 'Show and Tell': 4.49, 'technical writing': 4.13, 'U-Net': 9.28, 'R': 2.32, 'LSTM': 8.72, 'PCA': 2.35}"
172,17,1.54,8.24,7.43,"{'Tesseract': 9.07, 'Elasticsearch': 1.75, 'microsoft project': 9.29, 'typescript': 0.18, 'PostgreSQL': 1.39, 'RandomForest': 3.85, 'RAKE': 6.17, 'spring boot': 4.2, 'U-Net': 8.82, 'TensorFlow-GAN': 2.63}"
173,14,1.63,2.5,2.62,"{'testing library': 1.73, 'bash': 5.53, 'data': 8.16, 'IsolationForest': 0.79, 'Librosa': 4.35, 'Dlib': 6.85, 'Optuna': 6.19, 'mongodb': 5.78, 'aws': 5.95, 'OWASP': 1.87}"
174,16,7.28,1.26,2.2,"{'Librosa': 6.8, 'bootstrap': 4.96, 'K-Means': 8.08, 'Carla': 4.14, 'UserTesting': 9.48, 'go': 5.59, 'Adobe XD': 2.25, 'Optuna': 9.05, 'java': 0.48, 'JWT': 7.07}"
175,3,9.12,1.74,3.4,"{'MobileNet': 8.76, 'CRNN': 2.85, 'Facebook Prophet': 3.86, 'user manuals': 5.86, 'ALS': 7.61, 'Prometheus': 0.92, 'monitoring': 9.48, 'ruby': 5.2, 'pytorch': 2.55, 'jwt': 1.62}"
176,8,6.51,8.62,9.63,"{'oracle': 0.28, 'readthedocs': 8.03, 'node.js': 9.89, 'bootstrap': 1.4, 'agile': 4.11, 'GitLab': 4.4, 'UI': 7.0, 'Rasa': 3.39, 'kanban': 0.91, 'GPT-2 Fine-Tuning': 3.64}"
177,3,8.19,2.84,4.47,"{'RiskMatrix': 3.88, 'BioBERT': 7.4, 'selenium': 6.9, 'JWT': 3.39, 'asciidoc': 4.16, 'Xception': 7.84, 'FER (Facial Expression Recognition)': 8.77, 'LightGBM': 3.46, 'apache spark': 3.7, 'readthedocs': 2.27}"
178,2,9.81,2.11,5.11,"{'Augmentor': 4.92, 'R': 2.24, 'SpaCy': 1.56, 'GPT-2 Fine-Tuning': 7.48, 'TextBlob': 4.07, 'YOLOv5': 0.41, 'scikit-multilearn': 8.99, 'PyTorch': 0.98, 'Recurrent Neural Networks (RNN)': 2.69, 'terraform': 5.86}"
179,8,6.26,0.6,5.27,"{'Dlib': 5.42, 'prometheus': 8.45, 'DeepSpeech': 5.56, 'materialize': 6.54, 'node.js': 4.6, 'SV2TTS': 7.4, 'YOLOv4': 7.18, 'Prophet': 0.64, 'confluence': 2.32, 'SQL': 6.71}"
180,3,3.97,3.76,6.11,"{'LDA': 9.31, 'ci/cd': 9.83, 'Slack': 2.69, 'Trello': 9.19, 'BioBERT': 0.84, 'WCAG': 0.26, 'NetworkX': 7.18, 'user-friendly': 1.03, 'Hugging Face': 1.97, 'Wave-U-Net': 8.52}"
181,11,9.71,4.66,6.31,"{'trello': 1.47, 'StyleGAN': 4.42, 'IsolationForest': 8.15, 'MySQL': 0.71, 'VADER': 4.44, 'go': 9.33, 'UI': 6.92, 'CRNN': 2.72, 'Praat': 1.57, 'selenium': 9.89}"
182,4,7.46,7.62,4.8,"{'JMeter': 9.76, 'FaceNet': 3.94, 'user-friendly': 8.99, 'WCAG': 3.72, 'NeuralStyle': 8.44, 'Carla': 1.95, 'api': 6.7, 'MySQL': 1.77, 'Apache Spark': 9.46, 'Rasa': 6.46}"
183,5,2.34,5.39,0.03,"{'Tableau': 3.98, 'sass': 7.66, 'jwt': 7.28, 'prometheus': 3.06, 'Transformer': 2.52, 'H2O.ai': 9.07, 'MLflow': 6.5, 'webpack': 2.77, 'Sentence-BERT': 5.38, 'scala': 0.42}"
184,18,6.95,6.58,6.77,"{'Apache Flink': 4.34, 'junit': 9.09, 'Librosa': 4.58, 'PyTorch': 2.31, 'heroku': 6.86, 'LSTM': 0.52, 'sqlite': 1.35, 'Adobe XD': 1.21, 'gsap': 9.59, 'WCAG': 7.88}"
185,3,8.23,5.04,9.79,"{'redis': 0.66, 'Adobe XD': 6.89, 'c': 1.66, 'Stable Baselines': 7.45, 'Tesseract': 8.07, 'Trello': 5.55, 'Recurrent Neural Networks (RNN)': 0.84, 'scikit-multilearn': 7.89, 'CNN': 3.89, 'sass': 0.52}"
186,20,8.01,3.16,6.89,"{'css': 6.21, 'ARIMA': 9.07, 'K-Means': 0.79, 'BM25': 9.11, 'sass': 4.01, 'scikit-learn': 9.57, 'PostgreSQL': 8.97, 'Carla': 8.24, 'Selenium': 2.52, 'prometheus': 0.87}"
187,13,5.19,7.58,3.84,"{'SV2TTS': 3.9, 'python': 2.13, 'PyTorch': 7.58, 'Sentence-BERT': 1.85, 'jenkins': 1.84, 'Prometheus': 4.15, 'spring boot': 6.01, 'OpenKE': 5.31, 'kanban': 7.16, 'gsap': 4.15}"
188,6,3.27,3.78,4.99,"{'DeOldify': 8.33, 'mongodb': 1.35, 'api documentation': 7.19, 'junit': 7.53, 'ALS': 1.76, 'ADTK': 1.41, 'Apache Flink': 2.26, 'Transformer': 3.01, 'Ansible': 2.54, 'Kubernetes': 5.41}"
189,19,7.03,3.64,1.19,"{'JWT': 7.34, 'JUnit': 4.62, 'H2O.ai': 2.13, 'UI': 2.82, 'redis': 5.68, 'Carla': 6.16, 'LDA': 1.28, 'OpenPose': 2.43, 'jquery': 8.26, 'sqlite': 8.74}"
190,2,0.65,1.63,9.94,"{'ci/cd': 1.98, 'aria': 2.19, 'cassandra': 1.26, 'vue': 6.7, 'OWASP': 1.91, 'nltk': 0.75, 'gsap': 6.96, 'sql': 7.13, 'selenium': 5.61, 'Sentence-BERT': 3.11}"
191,3,6.03,9.55,5.59,"{'Keras': 1.74, 'MLflow': 7.07, 'asp.net': 5.25, 'Zero-shot BERT': 9.45, 'OpenPose': 2.81, 'Transformer': 9.31, 'Adobe XD': 5.42, 'user-friendly': 4.02, 'U-Net': 7.27, 'node.js': 6.61}"
192,3,8.48,1.13,0.22,"{'PyCaret': 7.75, 'monitoring': 3.11, 'TensorFlow': 6.67, 'GPT-3': 6.79, 'Faster R-CNN': 4.05, 'ansible': 6.69, 'RandomForest': 3.33, 'agile': 8.26, 'mongoDB': 2.29, 'Isolation Forest': 9.22}"
193,17,4.65,4.34,3.54,"{'angular': 4.84, 'sql': 3.92, 'Keras': 6.9, 'PostgreSQL': 3.25, 'mysql': 6.05, 'oracle': 9.24, 'EfficientNet': 1.82, 'YOLOv5': 8.47, 'Librosa': 0.59, 'FastText': 7.77}"
194,18,8.71,2.44,1.47,"{'MLflow': 5.83, 'junit': 8.38, 'ALS': 5.96, 'typescript': 0.77, 'XGBoost': 6.73, 'OpenKE': 2.02, 'git': 4.69, 'elasticsearch': 2.71, 'confluence': 4.52, 'selenium': 6.3}"
195,11,3.48,8.52,0.48,"{'go': 0.64, 'terraform': 3.73, 'RNN': 2.81, 'Apache Flink': 1.49, 'NetworkX': 8.51, 'FaceNet': 1.95, 'aws': 3.56, 'Sketch': 3.67, 'cypress': 9.03, 'ESRGAN': 1.7}"
196,17,7.15,2.41,8.08,"{'continuous integration': 6.36, 'Doc2Vec': 3.05, 'Kubeflow': 7.48, 'ci/cd': 2.22, 'git': 2.0, 'GitLab': 7.85, 'OWASP': 0.13, 'Dlib': 1.8, 'rust': 9.09, 'version control': 8.24}"
197,11,8.83,3.34,1.44,"{'Apache Flink': 0.62, 'asp.net': 7.98, 'tensorflow': 6.34, 'postgresql': 1.46, 'Alibi Detect': 0.62, 'chai': 9.37, 'css': 4.86, 'Librosa': 8.79, 'ruby': 3.71, 'U-Net': 5.92}"
198,11,5.05,3.74,6.24,"{'Docker': 2.81, 'JUnit': 7.78, 'WCAG': 1.47, 'kanban': 8.62, 'Adobe XD': 4.18, 'Logistic Regression': 1.99, 'Optuna': 1.91, 'bash': 8.74, 'asciidoc': 1.78, 'CNN': 9.27}"
199,15,2.1,9.04,7.63,"{'kotlin': 5.64, 'YOLO': 3.21, 'user manuals': 6.75, 'vue': 3.75, 'Hugging Face': 7.04, 'DALL-E': 8.64, 'ARIMA': 7.43, 'C++': 1.31, 'scikit-multilearn': 5.0, 'R': 8.97}"
200,12,0.15,7.29,5.85,"{'google cloud': 7.36, 'api': 2.4, 'LDA': 5.28, 'Figma': 1.14, 'DeepRecSys': 3.34, 'LightGBM': 5.98, 'postgresql': 8.62, 'data': 4.46, 'api documentation': 3.76, 'css': 3.67}"
201,18,5.29,5.46,1.49,"{'RAKE': 2.49, 'Keras': 7.7, 'StyleGAN': 2.74, 'OWASP': 4.07, 'RandomForest': 5.57, 'pytorch': 4.42, 'LIWC': 3.74, 'TensorFlow': 7.08, 'python': 7.66, 'DenseNet': 7.73}"
202,14,0.72,9.2,8.9,"{'BM25': 6.73, 'Slack': 7.85, 'CRNN': 3.24, 'nltk': 4.62, 'H2O.ai': 5.53, 'Show and Tell': 4.58, 'DenseNet': 0.36, 'StyleGAN': 0.57, 'FER (Facial Expression Recognition)': 7.36, 'NeuralStyle': 0.3}"
203,10,5.64,3.71,3.35,"{'RAKE': 6.61, 'BioBERT': 5.77, 'CNN': 6.75, 'google cloud': 8.65, 'chai': 9.47, 'Proximal Policy Optimization': 2.39, 'H2O.ai': 2.77, 'Recurrent Neural Networks (RNN)': 7.25, 'SQL': 9.01, 'microsoft project': 3.41}"
204,18,7.4,5.59,6.43,"{'flask': 0.66, 'NLTK': 2.29, 'YOLOv5': 5.23, 'StyleGAN': 0.74, 'GPT-3': 8.6, 'SQL': 3.8, 'OpenPose': 7.68, 'DeepSpeech': 0.65, 'BERT': 9.92, 'K-Means': 3.11}"
205,12,2.56,8.06,5.97,"{'StyleGAN': 1.08, 'C++': 1.42, 'version control': 3.5, 'elasticsearch': 1.84, 'pytest': 2.47, 'Tesseract': 7.92, 'jira': 8.02, 'SQL': 3.3, 'sass': 9.54, 'Recurrent Neural Networks (RNN)': 2.06}"
206,12,8.34,8.98,7.5,"{'PostgreSQL': 8.75, 'ci/cd': 1.73, 'python': 0.88, 'storage': 1.83, 'RandomForest': 3.14, 'jwt': 8.57, 'Kubernetes': 8.72, 'MarianMT': 5.85, 'Augmentor': 2.7, 'Trello': 4.41}"
207,6,7.22,5.01,3.8,"{'jquery': 5.56, 'testing library': 5.12, 'GPT-3': 4.97, 'asp.net': 6.56, 'readthedocs': 1.49, 'Slack': 2.94, 'Proximal Policy Optimization': 9.02, 'Kubernetes': 5.48, 'IsolationForest': 3.36, 'puppet': 3.88}"
208,17,7.73,9.61,1.52,"{'scikit-multilearn': 8.7, 'Keras': 2.54, 'Prometheus': 5.0, 'ESRGAN': 2.54, 'Selenium': 5.98, 'FastText': 2.74, 'jwt': 5.68, 'javascript': 5.45, 'AWS': 9.67, 'Doc2Vec': 8.23}"
209,12,6.22,3.38,3.45,"{'angular': 3.79, 'FeatureTools': 1.38, 'Praat': 4.05, 'BioBERT': 3.82, 'load balancing': 9.86, 'ARIMA': 5.75, 'DALL-E': 6.21, 'Isolation Forest': 2.59, 'DenseNet': 2.67, 'TextBlob': 6.29}"
210,7,1.37,7.0,4.64,"{'GPT-2': 6.2, 'c': 9.7, 'Kubeflow': 1.32, 'cypress': 8.44, 'Elasticsearch': 5.03, 'YOLOv5': 0.8, 'jquery': 0.69, 'Linear Regression': 6.38, 'BorutaPy': 0.45, 'user-friendly': 6.05}"
211,0,6.99,9.67,2.6,"{'PostgreSQL': 7.18, 'Rasa': 5.73, 'Optuna': 3.13, 'TextBlob': 7.57, 'MobileNet': 1.3, 'Supervisely': 3.27, 'elasticsearch': 8.97, 'JMeter': 4.14, 'puppet': 0.76, 'Faster R-CNN': 6.7}"
212,2,6.89,6.05,1.78,"{'Carla': 2.56, 'Dlib': 9.84, 'Prophet': 3.8, 'version control': 9.71, 'Transformer': 0.47, 'Tableau': 8.15, 'StyleGAN': 3.85, 'BERT': 0.23, 'continuous integration': 5.51, 'U-Net': 9.65}"
213,19,3.16,3.22,4.12,"{'Slack': 2.58, 'flask': 0.08, 'Tacotron': 3.41, 'Praat': 3.9, 'google cloud': 5.3, 'database': 6.19, 'OpenPose': 5.28, 'selenium': 8.52, 'RandomForest': 2.53, 'MarianMT': 1.01}"
214,17,6.73,2.89,0.68,"{'GPT-3': 0.74, 'flask': 3.29, 'RAKE': 0.45, 'SV2TTS': 7.38, 'ansible': 6.19, 'mongodb': 2.7, 'C++': 5.85, 'version control': 0.19, 'javascript': 7.65, 'Doc2Vec': 0.83}"
215,0,0.06,0.06,3.81,"{'jquery': 1.03, 'docker': 8.96, 'html': 2.4, 'SORT': 5.62, 'Matrix Factorization': 1.14, 'asp.net': 7.42, 'java': 8.71, 'Trello': 9.74, 'vue': 3.57, 'GPT-2 Fine-Tuning': 2.47}"
216,20,1.23,3.46,0.76,"{'chai': 4.94, 'Praat': 0.79, 'javascript': 3.8, 'ruby': 4.62, 'UX': 9.89, 'cypress': 6.53, 'MySQL': 8.54, 'Prophet': 9.98, 'RNN': 7.7, 'c': 8.86}"
217,5,5.55,1.67,8.18,"{'tensorflow': 8.73, 'technical writing': 9.77, 'IsolationForest': 6.56, 'RNN': 3.12, 'materialize': 4.14, 'AWS': 8.91, 'typescript': 0.34, 'YOLOv5': 9.11, 'prometheus': 8.31, 'PyTorch': 5.52}"
218,6,7.34,2.26,1.99,"{'asp.net': 7.21, 'SORT': 9.88, 'scikit-learn': 4.26, 'ARIMA': 3.88, 'JIRA': 1.71, 'load balancing': 8.95, 'nltk': 0.88, 'scrum': 8.3, 'GitLab': 4.87, 'microsoft project': 0.16}"
219,1,5.52,0.64,1.23,"{'MobileNet': 5.6, 'H2O.ai': 6.69, 'Isolation Forest': 3.47, 'data': 6.2, 'VADER': 1.36, 'PCA': 8.05, 'EfficientNet': 7.58, 'XGBoost': 7.73, 'Python': 2.98, 'RiskMatrix': 0.86}"
220,19,4.56,3.47,1.77,"{'Facebook Prophet': 3.84, 'CatBoost': 1.23, 'Polyglot': 5.42, 'SV2TTS': 2.53, 'Librosa': 4.71, 'Rasa': 4.41, 'Prometheus': 2.75, 'monitoring': 5.62, 'kanban': 4.7, 'Carla': 7.46}"
221,3,4.4,0.12,8.87,"{'python': 3.46, 'H2O.ai': 9.96, 'NLTK': 8.69, 'Supervisely': 2.0, 'OWASP': 3.21, 'SORT': 0.36, 'Adobe XD': 8.55, 'JUnit': 5.16, 'heroku': 7.96, 'Isolation Forest': 2.89}"
222,5,1.59,0.47,2.37,"{'git': 4.83, 'Figma': 1.45, 'apache spark': 7.54, 'readthedocs': 7.43, 'ruby': 7.2, 'EfficientNet': 3.41, 'ALS': 8.79, 'ADTK': 8.27, 'Logistic Regression': 0.82, 'MySQL': 2.64}"
223,14,5.8,3.74,2.18,"{'VADER': 0.03, 'Proximal Policy Optimization': 9.44, 'jwt': 7.15, 'heroku': 0.28, 'jest': 6.01, 'Carla': 9.24, 'server configuration': 5.51, 'Elasticsearch': 9.63, 'storage': 4.78, 'SV2TTS': 9.16}"
224,10,5.49,6.0,9.83,"{'NeuralStyle': 1.84, 'Xception': 3.53, 'YOLO': 4.74, 'Logistic Regression': 7.23, 'Carla': 9.38, 'azure': 5.48, 'elasticsearch': 8.77, 'Faster R-CNN': 5.39, 'TextBlob': 5.37, 'JMeter': 1.93}"
225,6,2.31,2.22,5.62,"{'Tacotron': 7.85, 'YOLOv5': 7.33, 'JUnit': 5.26, 'R': 5.38, 'MS Project': 6.18, 'Praat': 1.27, 'bootstrap': 0.28, 'C++': 6.05, 'OpenKE': 5.48, 'U-Net': 5.54}"
226,10,3.24,1.6,1.87,"{'nltk': 5.89, 'CNN': 0.17, 'LIWC': 9.75, 'YOLOv4': 1.35, 'ARIMA': 2.79, 'microsoft project': 0.05, 'tensorflow': 5.93, 'SQL': 8.51, 'react': 0.63, 'CatBoost': 1.07}"
227,3,5.07,0.84,9.29,"{'continuous deployment': 1.28, 'ruby': 0.99, 'Kubeflow': 2.18, 'Slack': 2.39, 'EfficientNet': 7.16, 'docker': 0.96, 'Dialogflow': 0.45, 'Sentence-BERT': 9.56, 'Faster R-CNN': 5.09, 'Selenium': 8.74}"
228,18,7.44,4.59,2.76,"{'kotlin': 7.68, 'Tableau': 8.87, 'Pandas': 2.32, 'DALL-E': 8.94, 'DQN': 4.82, 'DeepRecSys': 5.22, 'NeuralStyle': 4.22, 'user-friendly': 4.18, 'git': 1.51, 'SQL': 4.04}"
229,9,2.54,1.72,5.4,"{'TensorFlow': 6.2, 'RAKE': 8.49, 'html': 0.18, 'BioBERT': 9.73, 'typescript': 3.57, 'java': 4.69, 'FastText': 7.6, 'Sentence-BERT': 3.62, 'JIRA': 6.82, 'ADTK': 9.5}"
230,7,5.68,2.0,5.64,"{'Rasa': 1.23, 'selenium': 3.73, 'materialize': 7.51, 'SORT': 9.51, 'BioBERT': 1.97, 'BERT': 9.03, 'ADTK': 5.38, 'Polyglot': 1.57, 'storage': 6.75, 'SQL': 6.31}"
231,13,5.39,9.85,4.88,"{'mocha': 3.29, 'Doc2Vec': 6.01, 'CatBoost': 1.61, 'cassandra': 2.71, 'heroku': 1.53, 'kubernetes': 0.9, 'WCAG': 2.68, 'Zero-shot BERT': 1.13, 'Cleverhans': 6.41, 'LIWC': 1.14}"
232,9,1.49,3.82,6.7,"{'UI': 7.01, 'pytorch': 5.61, 'Faster R-CNN': 8.69, 'U-Net': 0.29, 'mysql': 7.03, 'chai': 9.58, 'scala': 1.17, 'Alibi Detect': 1.06, 'microsoft project': 5.86, 'IsolationForest': 9.65}"
233,16,9.38,3.37,5.03,"{'continuous integration': 6.17, 'rust': 9.99, 'pytest': 1.71, 'html': 2.3, 'C++': 6.05, 'Carla': 9.4, 'kanban': 4.21, 'PyCaret': 0.77, 'readthedocs': 6.63, 'Tesseract': 1.54}"
234,12,8.66,8.89,6.63,"{'VADER': 1.93, 'Tacotron': 8.56, 'WCAG': 4.83, 'JIRA': 2.31, 'YOLO': 9.41, 'aria': 1.37, 'U-Net': 3.33, 'ruby': 9.12, 'Matrix Factorization': 2.25, 'python': 5.28}"
235,11,6.24,0.5,8.9,"{'continuous integration': 0.72, 'aws': 9.77, 'Slack': 1.9, 'heroku': 2.76, 'YOLOv5': 6.53, 'Tableau': 6.51, 'Logistic Regression': 7.36, 'TensorFlow Lite': 3.7, 'kubernetes': 8.36, 'spring boot': 5.89}"
236,1,0.94,2.83,9.19,"{'cassandra': 7.11, 'database': 1.37, 'MobileNet': 3.81, 'Elasticsearch': 5.14, 'BERT': 3.79, 'DeOldify': 7.72, 'kotlin': 9.12, 'ansible': 8.5, 'OpenKE': 5.5, 'terraform': 6.43}"
237,1,1.88,4.96,0.26,"{'Jenkins': 2.63, 'tensorflow': 6.14, 'JMeter': 3.13, 'Rasa': 5.07, 'technical writing': 6.41, 'Apache Flink': 8.1, 'collaboration tools': 7.5, 'Facebook Prophet': 2.67, 'FaceNet': 9.31, 'SORT': 3.09}"
238,13,4.07,9.05,8.65,"{'flask': 3.93, 'CNN': 8.01, 'BM25': 3.53, 'DeepSpeech': 8.4, 'MySQL': 8.79, 'postgresql': 3.91, 'ci/cd': 3.35, 'ARIMA': 2.74, 'Matrix Factorization': 4.6, 'Docker': 8.98}"
239,6,2.83,2.4,2.6,"{'scikit-learn': 6.42, 'Isolation Forest': 0.61, 'asp.net': 5.33, 'continuous integration': 5.9, 'storage': 6.74, 'junit': 5.71, 'Dlib': 5.02, 'OpenCV': 5.28, 'AWS': 5.95, 'react': 9.64}"
240,2,6.17,7.56,5.86,"{'BioBERT': 8.45, 'apache spark': 8.47, 'OWASP': 5.84, 'Apache Spark': 8.03, 'Rasa': 7.05, 'c': 0.18, 'DenseNet': 5.55, 'scrum': 2.12, 'php': 8.63, 'UX': 6.26}"
241,4,3.48,5.4,2.23,"{'LIWC': 0.87, 'NLTK': 3.54, 'chai': 0.97, 'H2O.ai': 1.64, 'database': 0.17, 'spring boot': 8.0, 'Augmentor': 2.7, 'StyleGAN': 0.67, 'UI': 6.84, 'TensorFlow': 8.53}"
242,8,6.36,3.86,6.23,"{'jenkins': 0.34, 'Kubeflow': 5.86, 'NetworkX': 3.48, 'server configuration': 5.28, 'Zero-shot BERT': 6.81, 'Supervisely': 3.44, 'postgresql': 8.69, 'rust': 0.75, 'ansible': 0.73, 'YOLOv4': 0.83}"
243,3,1.31,3.07,8.64,"{'server configuration': 6.57, 'Kubernetes': 8.25, 'Stable Baselines': 1.03, 'DALL-E': 1.67, 'Proximal Policy Optimization': 6.2, 'oracle': 3.1, 'TensorFlow-GAN': 4.1, 'materialize': 7.54, 'php': 4.93, 'UI': 7.42}"
244,4,8.07,4.22,2.43,"{'UX': 7.92, 'Sketch': 3.75, 'Carla': 7.1, 'LightGBM': 4.32, 'Optuna': 9.3, 'microsoft project': 2.89, 'PyCaret': 5.82, 'Apache Spark': 6.36, 'node.js': 2.64, 'Prometheus': 8.19}"
245,2,2.6,8.16,1.6,"{'user manuals': 4.86, 'junit': 4.43, 'mongoDB': 6.28, 'Rasa': 5.49, 'asciidoc': 7.75, 'jira': 7.1, 'Ansible': 1.99, 'MarianMT': 6.18, 'FER (Facial Expression Recognition)': 8.13, 'Cleverhans': 2.33}"
246,17,1.67,7.76,4.8,"{'AWS': 8.57, 'GPT-3': 2.82, 'CatBoost': 6.24, 'UI': 5.31, 'version control': 1.94, 'testing library': 7.75, 'TensorFlow': 4.68, 'RandomForest': 0.02, 'Dialogflow': 2.3, 'selenium': 2.47}"
247,1,1.72,1.89,3.11,"{'Recurrent Neural Networks (RNN)': 8.64, 'ansible': 0.22, 'MarianMT': 9.23, 'XGBoost': 5.83, 'Xception': 8.7, 'Doc2Vec': 4.25, 'react': 6.78, 'vue': 4.76, 'Apache Spark': 2.9, 'FeatureTools': 5.59}"
248,3,2.6,4.65,5.24,"{'FastText': 5.93, 'go': 9.28, 'jquery': 5.55, 'DenseNet': 7.78, 'ADTK': 5.42, 'Proximal Policy Optimization': 4.09, 'JIRA': 2.73, 'Supervisely': 4.67, 'cypress': 8.96, 'jira': 6.06}"
249,9,3.36,2.24,3.28,"{'ci/cd': 7.46, 'scikit-learn': 4.44, 'BERT': 3.27, 'MySQL': 3.92, 'Praat': 5.92, 'OpenKE': 1.67, 'Rasa': 0.82, 'kubernetes': 2.55, 'SQL': 7.79, 'aria': 2.08}"
250,17,7.02,5.65,7.24,"{'c': 1.42, 'Xception': 1.92, 'VADER': 1.74, 'JUnit': 2.3, 'api': 3.2, 'Dlib': 5.89, 'OpenPose': 8.75, 'prometheus': 1.48, 'readthedocs': 4.73, 'Sketch': 5.53}"
251,15,5.31,7.59,7.97,"{'H2O.ai': 3.99, 'GPT-2': 8.43, 'api': 9.34, 'K-Means': 5.67, 'redis': 0.16, 'TensorFlow': 2.11, 'GPT-3': 7.03, 'confluence': 9.97, 'postgresql': 3.8, 'selenium': 6.84}"
252,5,6.2,8.74,1.36,"{'selenium': 7.87, 'Apache Flink': 1.48, 'Apache Spark': 2.13, 'Augmentor': 7.87, 'pytorch': 6.64, 'html': 3.4, 'Prometheus': 8.73, 'kanban': 4.69, 'BioBERT': 0.68, 'LightGBM': 1.28}"
253,1,4.56,0.56,0.24,"{'Transformer': 8.07, 'continuous integration': 0.65, 'LSTM': 0.05, 'Prometheus': 9.71, 'Adobe XD': 6.14, 'Facebook Prophet': 2.62, 'BERT': 6.68, 'GPT-3': 2.56, 'junit': 2.15, 'api': 6.21}"
254,8,4.32,8.62,2.06,"{'Alibi Detect': 5.02, 'google cloud': 3.12, 'Isolation Forest': 9.09, 'vue': 1.06, 'mocha': 4.99, 'Optuna': 9.81, 'database': 1.7, 'YOLO': 9.57, 'Kubernetes': 8.37, 'postgresql': 5.91}"
255,20,6.79,9.34,6.79,"{'JWT': 1.28, 'sql': 6.58, 'Logistic Regression': 3.29, 'ALS': 9.83, 'vue': 3.67, 'firebase': 4.21, 'Trello': 6.34, 'node.js': 2.43, 'microsoft project': 3.7, 'database': 3.44}"
256,16,7.74,9.66,8.35,"{'CNN': 6.16, 'redis': 9.21, 'html': 7.99, 'css': 3.63, 'mysql': 5.53, 'elasticsearch': 9.48, 'PostgreSQL': 2.86, 'BorutaPy': 0.42, 'Cleverhans': 5.05, 'laravel': 2.41}"
257,6,7.32,3.29,7.19,"{'DenseNet': 0.06, 'PyCaret': 3.65, 'terraform': 7.22, 'ruby': 3.98, 'RNN': 4.03, 'FER (Facial Expression Recognition)': 5.12, 'TextBlob': 2.67, 'RandomForest': 7.28, 'api documentation': 8.59, 'server configuration': 8.1}"
258,20,3.36,2.4,1.12,"{'Ansible': 9.33, 'kanban': 4.01, 'OpenPose': 6.26, 'asciidoc': 0.95, 'H2O.ai': 8.67, 'Optuna': 3.05, 'aria': 8.58, 'MS Project': 7.28, 'DeepRecSys': 2.96, 'ansible': 8.6}"
259,10,5.7,4.76,0.95,"{'OpenCV': 6.24, 'asp.net': 4.3, 'selenium': 8.38, 'spaCy': 0.89, 'JIRA': 2.63, 'spring boot': 0.2, 'Trello': 0.54, 'google cloud': 3.68, 'trello': 5.84, 'MS Project': 9.44}"
260,19,8.83,9.35,7.24,"{'UX': 0.4, 'html': 8.68, 'JUnit': 6.02, 'selenium': 4.57, 'Matrix Factorization': 9.08, 'TensorFlow': 9.19, 'gsap': 6.38, 'storage': 4.76, 'javascript': 7.75, 'GPT-2 Fine-Tuning': 7.21}"
261,4,7.25,1.88,4.32,"{'technical writing': 6.8, 'jenkins': 5.89, 'scrum': 6.65, 'mongodb': 8.83, 'Apache Spark': 7.35, 'Optuna': 3.37, 'WCAG': 9.87, 'mysql': 4.38, 'LIWC': 7.75, 'django': 9.82}"
262,18,4.67,9.73,4.89,"{'DeepSpeech': 7.89, 'CatBoost': 9.37, 'DALL-E': 1.5, 'Tableau': 0.57, 'Facebook Prophet': 4.24, 'python': 5.25, 'Show and Tell': 8.24, 'Cleverhans': 2.93, 'JWT': 6.67, 'MarianMT': 8.43}"
263,8,4.88,4.53,9.34,"{'laravel': 3.78, 'Collaborative Filtering': 6.52, 'K-Means': 4.36, 'BM25': 2.29, 'XGBoost': 0.85, 'ESRGAN': 7.15, 'UserTesting': 5.69, 'docker': 9.87, 'tensorflow': 8.14, 'version control': 2.0}"
264,6,0.53,1.99,9.38,"{'Python': 4.22, 'nltk': 4.88, 'jenkins': 8.77, 'OpenKE': 0.53, 'mongoDB': 1.96, 'UI': 1.88, 'FastText': 2.92, 'typescript': 6.57, 'FaceNet': 8.18, 'bootstrap': 5.5}"
265,6,2.14,7.77,4.4,"{'K-Means': 3.65, 'azure': 4.5, 'asp.net': 8.14, 'ansible': 6.28, 'PyTorch': 4.27, 'SQL': 1.31, 'ALS': 6.41, 'YOLOv4': 1.75, 'rust': 6.18, 'YOLO': 0.01}"
266,18,7.64,6.34,1.66,"{'Jenkins': 7.79, 'nltk': 2.32, 'asp.net': 5.63, 'UI': 9.94, 'spring boot': 9.74, 'CRNN': 0.34, 'continuous deployment': 3.79, 'jest': 8.55, 'OWASP': 4.39, 'laravel': 0.19}"
267,20,7.9,7.39,1.23,"{'node.js': 8.22, 'Augmentor': 7.87, 'ansible': 2.94, 'Prometheus': 7.11, 'Rasa': 1.25, 'XGBoost': 4.38, 'api': 4.63, 'GPT-2 Fine-Tuning': 9.16, 'selenium': 2.81, 'laravel': 0.12}"
268,12,1.21,6.11,7.31,"{'aws': 4.26, 'webpack': 9.33, 'JIRA': 7.34, 'Xception': 7.22, 'version control': 8.52, 'Prometheus': 1.7, 'vue': 0.42, 'Tacotron': 4.67, 'Proximal Policy Optimization': 0.92, 'collaboration tools': 3.92}"
269,16,8.07,9.82,7.34,"{'aws': 9.53, 'kubernetes': 6.35, 'RiskMatrix': 7.55, 'StyleGAN': 3.99, 'CNN': 0.7, 'JWT': 5.72, 'Wave-U-Net': 4.74, 'Stable Baselines': 7.34, 'YOLO': 5.63, 'ci/cd': 6.86}"
270,12,1.9,1.98,3.62,"{'Zero-shot BERT': 3.0, 'ARIMA': 4.13, 'firebase': 8.94, 'api documentation': 9.83, 'FastText': 2.87, 'Dialogflow': 9.85, 'ansible': 8.74, 'sqlite': 3.48, 'junit': 5.1, 'BorutaPy': 9.34}"
271,15,7.12,7.43,4.74,"{'api': 5.92, 'Faster R-CNN': 8.7, 'user-friendly': 8.4, 'heroku': 2.74, 'Carla': 4.11, 'RiskMatrix': 4.08, 'NLTK': 0.9, 'Selenium': 8.45, 'MarianMT': 6.15, 'MS Project': 2.24}"
272,1,4.88,2.0,1.53,"{'UX': 2.99, 'SpaCy': 4.54, 'Stable Baselines': 6.29, 'SQL': 2.63, 'css': 7.24, 'SV2TTS': 2.99, 'LDA': 6.2, 'bootstrap': 9.67, 'PCA': 8.12, 'oracle': 8.58}"
273,20,4.0,7.75,7.52,"{'Dialogflow': 6.44, 'Apache Flink': 1.48, 'Cleverhans': 4.1, 'MLflow': 8.01, 'RiskMatrix': 8.25, 'Zero-shot BERT': 1.64, 'OpenKE': 8.3, 'JIRA': 9.54, 'Optuna': 0.06, 'jwt': 2.97}"
274,10,5.63,7.68,6.47,"{'CRNN': 0.44, 'flask': 3.05, 'Python': 9.08, 'postgresql': 7.69, 'mongodb': 7.07, 'SV2TTS': 6.35, 'Figma': 6.51, 'php': 6.35, 'version control': 1.84, 'mongoDB': 5.81}"
275,7,0.26,6.47,1.7,"{'ARIMA': 9.59, 'sass': 8.6, 'LSTM': 8.8, 'Selenium': 1.13, 'database': 6.76, 'redux': 9.1, 'oracle': 9.04, 'collaboration tools': 8.03, 'trello': 4.31, 'H2O.ai': 6.79}"
276,13,4.37,5.69,1.66,"{'Tesseract': 8.94, 'Ansible': 6.02, 'OWASP': 0.96, 'AWS': 3.87, 'MarianMT': 2.53, 'BioBERT': 8.48, 'angular': 6.35, 'RiskMatrix': 3.51, 'Collaborative Filtering': 8.39, 'sass': 0.22}"
277,14,3.2,5.93,7.48,"{'NetworkX': 3.01, 'Selenium': 0.26, 'JUnit': 5.46, 'Augmentor': 0.56, 'jenkins': 7.31, 'Adobe XD': 1.57, 'testing library': 6.41, 'R': 2.68, 'C++': 5.71, 'Kubeflow': 6.17}"
278,9,5.7,4.41,9.63,"{'django': 3.66, 'angular': 5.29, 'mongoDB': 4.54, 'Polyglot': 0.33, 'continuous deployment': 0.39, 'Faster R-CNN': 9.11, 'redis': 1.49, 'ALS': 5.37, 'GPT-2 Fine-Tuning': 3.08, 'go': 2.63}"
279,15,2.08,6.88,8.67,"{'JMeter': 2.06, 'Figma': 0.26, 'Jenkins': 0.38, 'ADTK': 9.07, 'OpenPose': 9.28, 'SORT': 3.81, 'api documentation': 5.82, 'kubernetes': 5.69, 'NeuralStyle': 3.87, 'PyCaret': 4.57}"
280,10,2.46,9.05,3.85,"{'nltk': 5.99, 'apache spark': 9.97, 'SV2TTS': 7.09, 'scikit-learn': 5.06, 'RAKE': 9.14, 'MLflow': 2.08, 'Librosa': 0.92, 'asciidoc': 5.42, 'StyleGAN': 3.1, 'LightGBM': 9.11}"
281,16,2.05,6.4,2.57,"{'postgresql': 9.0, 'Librosa': 2.38, 'ansible': 0.04, 'api documentation': 8.54, 'Apache Flink': 6.97, 'elasticsearch': 9.86, 'docker': 6.24, 'DALL-E': 8.39, 'chai': 9.15, 'TensorFlow': 5.52}"
282,0,2.49,2.32,3.64,"{'GPT-3': 5.09, 'FaceNet': 4.79, 'server configuration': 2.84, 'DenseNet': 5.92, 'Matrix Factorization': 3.31, 'PyCaret': 2.47, 'react': 9.18, 'node.js': 1.51, 'OWASP': 6.94, 'data': 0.02}"
283,15,7.49,7.02,6.19,"{'DenseNet': 2.21, 'Carla': 3.32, 'Prophet': 0.86, 'kubernetes': 1.01, 'Zero-shot BERT': 9.06, 'typescript': 1.69, 'CatBoost': 1.39, 'sphinx': 7.41, 'elasticsearch': 2.91, 'go': 7.96}"
284,0,1.87,0.95,7.84,"{'Zero-shot BERT': 7.75, 'server configuration': 9.4, 'Doc2Vec': 4.32, 'Elasticsearch': 4.43, 'MS Project': 4.33, 'google cloud': 4.21, 'H2O.ai': 4.9, 'bash': 1.2, 'GPT-3': 9.92, 'R': 1.87}"
285,15,2.65,6.65,5.26,"{'Kubeflow': 1.53, 'MarianMT': 8.47, 'Isolation Forest': 8.8, 'django': 6.91, 'Dialogflow': 2.51, 'Transformer': 5.92, 'FER (Facial Expression Recognition)': 2.13, 'confluence': 8.97, 'XGBoost': 6.97, 'YOLOv4': 3.46}"
286,12,0.9,2.7,7.19,"{'BM25': 4.85, 'PCA': 3.91, 'mongodb': 0.91, 'ci/cd': 2.51, 'SV2TTS': 8.55, 'ARIMA': 2.38, 'vue': 1.91, 'python': 6.2, 'mocha': 1.12, 'Alibi Detect': 3.4}"
287,10,1.52,8.7,9.53,"{'Recurrent Neural Networks (RNN)': 5.01, 'jquery': 4.15, 'redux': 4.98, 'kanban': 5.67, 'BorutaPy': 2.45, 'AWS': 1.32, 'OpenCV': 0.64, 'MarianMT': 0.9, 'junit': 0.87, 'RAKE': 7.15}"
288,15,3.25,4.05,5.32,"{'PyTorch': 2.04, 'django': 5.45, 'redis': 8.55, 'MLflow': 0.15, 'markdown': 4.72, 'Cleverhans': 2.97, 'DALL-E': 1.04, 'YOLOv4': 1.02, 'selenium': 0.72, 'terraform': 5.65}"
289,9,5.36,9.12,5.06,"{'api': 7.7, 'Tacotron': 8.8, 'laravel': 7.3, 'MobileNet': 6.59, 'BERT': 1.54, 'storage': 9.37, 'PostgreSQL': 0.07, 'LDA': 3.02, 'YOLO': 2.19, 'Matrix Factorization': 9.85}"
290,4,3.85,3.47,0.07,"{'OWASP': 5.27, 'FER (Facial Expression Recognition)': 1.92, 'JWT': 5.03, 'apache spark': 2.97, 'chai': 3.52, 'markdown': 3.97, 'kanban': 0.61, 'mysql': 8.84, 'VADER': 1.21, 'FastText': 1.14}"
291,1,3.32,1.47,7.25,"{'Tableau': 8.61, 'DQN': 1.28, 'Prometheus': 1.93, 'terraform': 5.62, 'U-Net': 9.44, 'php': 0.5, 'load balancing': 8.42, 'java': 8.96, 'PCA': 1.71, 'TensorFlow': 0.96}"
292,18,6.6,0.24,6.24,"{'ember.js': 5.29, 'PyTorch': 0.26, 'agile': 4.51, 'mongodb': 3.16, 'NLTK': 2.58, 'gsap': 8.3, 'EfficientNet': 9.38, 'Figma': 3.78, 'Isolation Forest': 3.61, 'LSTM': 7.46}"
293,4,8.29,1.46,1.1,"{'pytest': 1.31, 'spring boot': 6.77, 'Hugging Face': 7.62, 'Kubeflow': 2.88, 'PyCaret': 1.26, 'asciidoc': 0.91, 'postgresql': 7.79, 'google cloud': 3.86, 'Prometheus': 4.68, 'Alibi Detect': 0.48}"
294,14,9.99,5.85,6.84,"{'rust': 7.91, 'CNN': 4.9, 'RNN': 7.27, 'JUnit': 7.02, 'Praat': 6.07, 'microsoft project': 2.83, 'Apache Flink': 7.17, 'Show and Tell': 0.91, 'ALS': 0.55, 'redis': 7.62}"
295,0,2.01,7.87,0.5,"{'AWS': 3.35, 'JWT': 1.94, 'gsap': 1.24, 'mocha': 6.32, 'FaceNet': 8.66, 'JMeter': 6.23, 'MobileNet': 3.13, 'Pandas': 5.02, 'BERT': 9.99, 'Librosa': 8.11}"
296,19,1.29,6.29,8.42,"{'UserTesting': 3.93, 'FastText': 4.32, 'asp.net': 6.94, 'gsap': 2.29, 'database': 8.39, 'spaCy': 5.54, 'Wave-U-Net': 1.12, 'Trello': 4.39, 'user manuals': 7.78, 'NeuralStyle': 4.14}"
297,1,1.83,2.49,9.69,"{'mongodb': 4.9, 'user manuals': 9.07, 'django': 2.08, 'typescript': 7.92, 'azure': 9.33, 'selenium': 0.64, 'Kubernetes': 8.06, 'JIRA': 2.31, 'markdown': 10.0, 'jenkins': 7.71}"
298,20,9.39,9.05,8.03,"{'NeuralStyle': 8.99, 'Jenkins': 9.26, 'Pandas': 4.6, 'puppet': 1.03, 'OpenPose': 6.52, 'MarianMT': 9.66, 'Faster R-CNN': 8.41, 'selenium': 6.95, 'Cleverhans': 4.59, 'ember.js': 2.61}"
299,5,8.74,6.21,0.4,"{'mysql': 5.42, 'Tableau': 7.42, 'PyCaret': 7.29, 'chai': 3.12, 'Wave-U-Net': 8.31, 'Prometheus': 1.87, 'spaCy': 5.37, 'Rasa': 2.82, 'Sentence-BERT': 9.25, 'Xception': 2.94}"
300,4,6.88,1.79,0.39,"{'PyCaret': 8.64, 'FER (Facial Expression Recognition)': 5.57, 'ci/cd': 6.08, 'technical writing': 1.83, 'django': 8.27, 'gsap': 4.43, 'elasticsearch': 7.75, 'kubernetes': 1.49, 'pytest': 5.08, 'monitoring': 7.44}"
